Title,Price,Rating,Reviews
"HP 2023 노트북 15 코어i5 인텔 13세대, Natural Silver, 512GB, 16GB, WIN11 Home, 15-fd0096tu","858,260",4.5,1009
"에이수스 2024 TUF 게이밍 F16 코어i7 인텔 13세대 지포스 RTX 4060, Mecha Gray, 512GB, 16GB, Free DOS, FX607JV-QT213","1,899,000",,0
"에이수스 2024 비보북Go 15 E1504FA-BQ476 15.6 라이젠5 Radeon, 쿨 실버, 512GB, 16GB, Free DOS","579,000",5.0,761
"삼성노트북 한컴오피스 증정 i7 윈도우11 가성비 사무용 대학생 인강용 광시야각 동영상 업무용 노트북추천, 그레이, 코어i7, 512GB, 16GB, WIN11 Home, NT750XGR-A71A","1,199,000",5.0,1156
"베이직스 2022 베이직북 14 3세대 셀러론, White, 256GB, 8GB, WIN11 Pro, BB1422SS","382,080",4.5,2071
"HP 2024 자비스 AI 노트북 15 코어Ultra5 인텔 14세대, Natural Silver, 512GB, 16GB, WIN11 Home, 15-fd1029TU","998,990",4.5,48
"레노버 2023 아이디어패드 슬림 3 15IAH8 코어i5 인텔 12세대, Arctic Grey, 256GB, 16GB, Free DOS, 83ER005YKR","698,900",5.0,277
"레노버 2022 아이디어패드 슬림 1 15AMN7 15.6 라이젠3 라이젠 7000 시리즈, Cloud Grey (82VG), 256GB, 8GB, Free DOS, 82VG002EKR","488,990",5.0,1371
"가성비 좋은 LG 사무용 노트북 i5 4세대 8G/240GB 15N540, WIN10, 8GB, 240GB, 실버블랙","195,000",4.5,5
"에이서 2024 니트로 V 16 라이젠7 라이젠 8000 시리즈 지포스 RTX 4050, ANV16-41-R584, Free DOS, 16GB, 512GB, 블랙","1,129,000",5.0,2
"베이직스 2023 베이직북 14 프로 코어i5 인텔 10세대, White, 256GB, 8GB, WIN11 Home, BP1423FW","564,480",4.0,144
"삼성전자 갤럭시북4 프로 NT960XGQ-A51A 인텔 울트라5 색상선택 16인치 고해상도 AI 노트북 사무용 대학생 터치스크린 노트북, 문스톤그레이, NT960XGQ-A51AG, 코어Ultra5, 512GB, 16GB, WIN11 Home","1,599,000",5.0,346
LG 그램 14Z960 i5-6200 8G SSD256G Win10 가벼운 슬림한 노트북 980g,"389,560",4.0,85
삼성 노트북/NT200B5C/NT371B5J /I5 3320M 4G SSD128G/15.6인치 WIN10 Pro,,4.0,53
"Apple 2020 맥북 에어 13, 스페이스 그레이, M1, 256GB, 8GB, A2337","979,000",5.0,13035
"삼성 LG HP 노트북 i5 가정 업무 게임 포토샵 주식용 Win10 무상1년 사은품, 실버/블랙, 삼성NT371B5J, i5 4200, 500GB, 8GB","286,000",4.5,156
"LG 울트라PC 15U560 6세대 i5 지포스940M 15.6인치 윈도우10, 8GB, WIN10 Pro, 628GB, 코어i5, 화이트","499,000",4.5,415
"삼성전자 삼성노트북 NT200B5C/i5-3210/4G/SSD128G/DVD멀티/15.6/1600*900/윈도우10/2.3kg/무상보증1년, NT200B5C, WIN10 Pro, 4GB, 128GB, 코어i5, 블랙","177,000",4.0,104
"삼성전자 갤럭시북4 15.6 코어I5 13세대 한컴오피스팩 및 무선마우스, R-A51AG, WIN11 Home, 16GB, 256GB, 그레이","998,000",5.0,353
"가성비 좋은 LG 사무용 노트북 i5 4세대 8G/240GB 15N540, WIN10, 8GB, 240GB, 실버블랙","195,000",4.5,5
"점퍼노트북 14 슬림 비즈니스 노트북 FHD+IPS/24G+1024G 그레이, WIN11 Home, Grey, 24GB, 1024GB, X7","534,000",5.0,3
"HP 2024 자비스 AI 노트북 15 코어Ultra5 인텔 14세대, Natural Silver, 512GB, 16GB, WIN11 Home, 15-fd1029TU","998,990",4.5,48
"LG 2023 울트라PC 엣지 16 라이젠5 라이젠 7000 시리즈, 차콜 그레이, 256GB, 16GB, WIN11 Home, 16U70R-GA56K","1,078,000",4.5,307
"삼성전자 갤럭시북4 프로 14인치 인텔 코어 울트라5 최신형 사무용 가벼운 터치 노트북, WIN11 Home, 16GB, 512GB, 플래티넘 실버","1,549,000",5.0,124
"LG전자 그램 14 화이트 노트북 14Z980 코어i5-8250U 램12GB SSD256GB 윈10 탑재, WIN10 Home, 12GB, 256GB, 코어i5 8250U","598,000",4.5,448
"레노버 아이디어패드 U330 터치스크린 A급 중고노트북 (i5/SSD128GB/Win10/13인치), U330 Touch, WIN10, 4GB, 128GB, 실버","91,000",5.0,13
"HP 2023 노트북 15s 코어i5 인텔 12세대, 화이트, 512GB, 16GB, Free DOS, 15s-fq5304TU","599,000",5.0,47
"힐링쉴드 노트북 무광 팜레스트 터치패드 필름 2p 세트, 1세트","9,000",,0
"델 2023 인스피론 15 3520 코어i5 인텔 12세대 지포스 MX550, 플래티넘 실버, 512GB, 8GB, WIN11 Home, DN3520-W003KR","1,162,370",4.5,6
"카라스 고광택 LG 울트라PC 15U780-GR36K용 액정보호필름, 1세트","6,400",5.0,1
"레노버 2021 ThinkPad L13 GEN2 13.3 코어i7 인텔 11세대, Black, 256GB, 8GB, WIN10 Pro, 20VH002PKR","1,126,020",5.0,6
"힐링쉴드 노트북 무광 팜레스트 + 터치패드 보호필름 2p 세트, 1세트","11,250",5.0,3
"레노버 2022 씽크패드 X1 카본 Gen 10 14 코어i7 인텔 12세대, 블랙, 512GB, 32GB, WIN11 Pro, 21CBS00200","2,230,030",5.0,33
"힐링쉴드 노트북 올레포빅 Light 액정보호필름, 1개","10,510",5.0,1
"힐링쉴드 노트북 무광 상판보호필름 2p 세트, 1세트","11,550",5.0,1
"HP 2023 빅터스 15 코어i5 인텔 13세대 지포스 RTX 4050, Mica Silver, 512GB, 16GB, WIN11 Home, 15-fa1014KR","1,401,240",5.0,142
"힐링쉴드 노트북 고화질 액정보호필름 랜덤발송, 1개","24,870",5.0,5
"디지티 프리미엄 노트북 거치대, 메탈블랙","20,170",4.5,143
"코쿼드 노트북 투명 케이스, 1개","10,980",4.5,3
"레노버 2023 씽크패드 X1 카본 Gen11 14 코어i7 인텔 13세대, 블랙, 512GB, 16GB, WIN11 Pro, 21HMS00500","1,940,660",5.0,19
"한성컴퓨터 2022 TFG 노트북 17.3 코어i7 인텔 12세대 지포스 RTX 3070 Ti, Black, 500GB, 16GB, Free DOS, TFG7277XG","1,865,900",4.5,3
"디지티 프리미엄 노트북 거치대, 실버그레이","19,870",4.5,143
"카라스 삼성 NT940X5M NT940X5N 시리즈용 노트북 클린스킨, 1개","5,080",5.0,4
"델 2022 Alienware X14 코어i7 인텔 12세대 지포스 RTX 3050 Ti, Lunar Light, 1TB, 16GB, WIN11 Pro, DAWX14-WP02KR","2,833,850",5.0,1
"카라스 에이수스 비보북 S15 M533IA 블루라이트차단 액정필름, 1개","19,400",5.0,1
"HP 2024 노트북 15 라이젠5 라이젠 7000 시리즈, Natural Silver, 512GB, 16GB, WIN11 Home, 15-FC0260AU","738,000",,0
"MSI 2024 씬 A15 라이젠5 라이젠 7000 시리즈 지포스 RTX 2050, 코스모스그레이, 512GB, 8GB, Free DOS, B7UCX-R5-232XKR","899,000",,0
"레노버 2024 아이디어패드 슬림 3 15IAU7 코어i3 인텔 12세대, Arctic Grey, 512GB, 8GB, Free DOS, 82RK0164KR","504,000",5.0,65
"LG전자 2023 울트라 PC 15 코어i3 인텔 13세대, 화이트, 256GB, 8GB, WIN11 Home, 15U50R-GR30K","895,000",5.0,11
"HP 2023 노트북 15 코어i5 인텔 13세대, Natural Silver, 512GB, 16GB, WIN11 Home, 15-fd0096tu","858,260",4.5,1009
"LG그램15 코어i5(10세대/ 램 16G/ SSD 256G/ 윈도우11프로 초경량 1.09kg, 15ZB995, 코어i5, 256GB, 16GB, WIN10","759,000",5.0,21
"HP 2024 노트북 17 코어i3 인텔 13세대, Natural Silver, 256GB, 4GB, Free DOS, 17-cn3001TU","599,000",,0
"삼성전자 갤럭시북Go NT345XPA-K14AS 윈도우탑재 태블릿 휴대용 가성비 학생용 문서작성 셀룰러 데이터공유 LTE USIM, WIN11 Home, 4GB, 128GB, 실버","399,000",5.0,19
"MSI Sword GF76 17.3 코어i7 인텔 13세대 지포스 RTX 4060, 블랙, 1TB, 32GB, WIN11 Pro, GF76 B13VFK","1,675,000",5.0,125
"삼성전자 갤럭시북4 프로 NT960XGQ-A51A 인텔 울트라5 색상선택 16인치 고해상도 AI 노트북 사무용 대학생 터치스크린 노트북, 문스톤그레이, NT960XGQ-A51AG, 코어Ultra5, 512GB, 16GB, WIN11 Home","1,599,000",5.0,346
삼성전자 NT371B5J i5 8G SSD256GB Win11,"238,000",4.5,38
"레노버 2024 V15 G4 ABP 라이젠5 라이젠 5000 시리즈, lron Grey, 256GB, 8GB, Free DOS, 82YY000PKR","439,000",,0
"삼성노트북 NT550XED-K24A 윈도우11탑재 가성비 인강용 사무용 학생용 업무용 노트북 추천 한컴오피스 증정, 그라파이트, 펜티엄, 128GB, 8GB, Windows11Pro","569,000",5.0,290
"레노버 2023 아이디어패드 슬림 3 15IAH8 코어i5 인텔 12세대, ARCTIC GREY, 512GB, 16GB, Free DOS, 83ER0060KR","739,000",5.0,277
"LG그램 14Z980 I5-8250U/16G/SSD512G/UHD620/14/WIN10, WIN10 Home, 16GB, 512GB, 코어i5, 스노우 화이트","580,000",4.5,448
"A급중고 HP 840-G4 i5-7300U/8G/SSD256G/HD620/14/WIN10 명품노트북 인강용, E7470, WIN10 Pro, 8GB, 256GB, 코어i5, 블랙","199,000",4.0,107
"MSI 2024 모던 14 라이젠5 라이젠 7000 시리즈, 매트블랙, 1TB, 8GB, Free DOS, Modern 14 C7M-R5 237XKR","629,000",,0
"레노버 2023 아이디어패드 슬림 3 15ABR8 15.6 라이젠5 라이젠 7000 시리즈, ARCTIC GREY, 256GB, 16GB, Free DOS, 82XM0039KR","648,900",5.0,387
"LG 그램 14Z980 8세대 코어i5-8250U 14인치 윈도우10, WIN10, 16GB, 512GB, 코어i5, 화이트","559,000",4.5,448
"LG 8세대 GRAM 14Z980 코어i5 16GB SSD256GB Win10, WIN10 Pro, 256GB, 화이트","549,000",4.5,448
"삼성 LG HP 노트북 i5 가정 업무 게임 포토샵 주식용 Win10 무상1년 사은품, 실버/블랙, 삼성NT371B5J i7 게임용, 500GB, 8GB","346,000",4.5,156
"델 2024 인스피론 15 3520 코어i5 인텔 12세대, 카본 블랙, 512GB, 8GB, Linux, DN3520-UB07KR","669,360",,0
A급중고 삼성 NT371B5L I5-6300HQ/16G/SSD256G/HD530/15.6/WIN10 풀스펙 노트북,"398,000",4.5,118
"중고노트북 삼성 LG HP DELL 레노버 한성 ASUS 정품윈도우 SSD 대화면 노트북, 14/15인치, WIN10 Home, 4GB, 128GB, 코어i5, 블랙","98,000",4.0,50
"삼성 노트북3 NT371B5J I5-4310M/8G/SSD256G/HD4600/15.6/WIN10, WIN10, 8GB, 256GB, I5, 투톤","189,000",4.0,230
"사무용 노트북 렌탈 대여 임대 사무용 가정용 회사용 관공서용 대량렌탈가능, 사무용노트북, WIN11 Pro, 8GB, 128GB, 코어i5, 15일","34,900",5.0,42
"레노버 2024 V15 G4 13420H 코어i5 인텔13세대, Iron Grey, 256GB, 16GB, WIN11 Home, 83A100HGKR","809,000",5.0,4
"삼성 노트북 I3-3210 4G ssd120G, 삼성노트북, 코어i5 3210, 120GB, 4GB, WIN10 Home","144,000",4.0,6
"노트북렌탈 LG그램 사무용 갤럭시북 대여 인강용, 고사양 사무용노트북, WIN10 Home, 8GB, 256GB, 코어i5, 5일 렌탈","18,000",4.5,3
"네오북 2024 노트북 14.1 셀러론, 핑크, 128GB, 6GB, WIN11 Home, N14GO","259,000",5.0,1
"중고노트북 삼성 LG HP DELL 레노버 한성 ASUS 정품윈도우 SSD 대화면 노트북, WIN10 Home, 4GB, 128GB, 코어i5, 블랙","98,000",4.0,50
"레노버 2024 V15 G4 13420H 코어i5 인텔13세대, Iron Grey, 256GB, 16GB, Free DOS, 83A100HHKR","689,000",5.0,4
"SGIN 노트북 15.6 DDR4 4G SSD 128G 사무용 대학생 회색, WIN11 Home, grey, 128GB, M15-N, 4GB","199,100",5.0,7
"삼성 사무용 인강 노트북 인텔 i5 i7 SSD장착 윈10 홈, NT370E, WIN10 Home, 8GB, 128GB, 코어i5 4세대, 블랙","259,000",4.5,101
"삼성 NT901X3L i5 8G 128G Win10 중고노트북, NT901X3H, WIN10 Home, 8GB, 256GB, 코어i5","289,000",4.5,42
"삼성 LG HP 노트북 i5 가정 업무 게임 포토샵 주식용 Win10 무상1년 사은품, 블랙, 삼성NT371B5L, i5 6200, 500GB, 8GB","326,000",4.5,156
"Lenovo 씽크패드 라이젠5 WIN10 Pro 램16G SSD1TB E585, 1TB, 16GB","509,000",,0
"레노버 아이디어패드 슬림 1 15IJL7 15.6 셀러론 인텔 10세대, SAND, 128GB, 4GB, WIN11 Home, 82LX00A7KR","369,000",4.5,183
"삼성노트북 6세대 코어i5 블랙 사무용 8GB 128GB NT371B5L, NT501R3M, 코어i3, WIN10","279,300",4.5,28
"코어2듀오 SSD120G RAM 4G 사무용 노트북, 엘지/삼성, 윈도우7, 4GB, 128GB, 랜덤","109,000",4.0,6
"베이직스 2022 베이직북 14 3세대 셀러론, White, 256GB, 8GB, WIN11 Pro, BB1422SS","382,080",4.5,2071
"HP 2024 엘리트북 630 G10 13.3 코어i5 인텔 13세대, 실버, 512GB, 16GB, WIN11 Pro, G10-9F290PT","1,128,990",,0
"레노버 ThinkPad E585 라이젠5 윈도우10Pro 15.6인치 노트북, WIN10 Pro, 8GB, 256GB","304,000",5.0,4
LG전자 엑스노트 U460 인텔 i5 램8G SSD256G 정품 Win10,"159,000",5.0,1
"SGIN 노트북 17.3 DDR4 8G SSD 256G 사무용 대학생 회색, WIN11 Home, grey, 256GB, M17PRO-N, 8GB","299,000",5.0,4
"A급중고 HP 430-G2 I5-4210/8G/SSD128G/HD4400/13.3/WIN10 대용량SSD장착, WIN10 Pro, 4GB, 128GB, 코어i5, 블랙","149,000",4.0,38
"LG전자 2022 웨일북 셀러론, 화이트, 64GB, 4GB, Whale OS, 14TW30Q-EO14ML","890,000",,0
"SGIN 노트북 15.6 DDR4 8G SSD 256G 가성비노트북 사무용 회색, WIN11 Home, grey, 256GB, M15PRO-N, 8GB","229,000",5.0,6
"베이직스 2022 베이직북 14 3세대 셀러론, White, 256GB, 8GB, WIN11 Pro, BB1422SS","382,080",4.5,2071
"사무용 노트북 렌탈 대여 임대 사무용 가정용 회사용 관공서용 대량렌탈가능, 사무용노트북, WIN11 Pro, 8GB, 128GB, 코어i5, 30일","49,900",5.0,42
"LG그램15 코어i5(10세대/ 램 16G/ SSD 256G/ 윈도우11프로 초경량 1.09kg, 15ZB995, 코어i5, 256GB, 16GB, WIN10","759,000",5.0,21
삼성전자 노트북 9 metal NT901X5L i5-6200U 8G SSD Win10,"287,990",4.5,39
"삼성 노트북 15인치 FHD 사무용 게이밍 인강용 인텔 i5 8세대 SSD장착 노트북 NT551EBE, 메탈릭티탄, NT511EBE, 코어i5, 256GB, 8GB, WIN10 Pro","393,300",4.5,19
"빅트랙 브이북 15.6 셀러론, Space Silver, 512GB, 8GB, Windows 11 HOME, VIC-LPTP01","359,000",5.0,40
"삼성 노트북 15.6인치 NT371B5L 사무용 가정용 인강용 게이밍 롤 포토샵 i5 ssd탑재 윈10 pro, 코어i5, 512GB, 16GB, WIN10 Pro","389,000",4.5,88
"LG 노트북 그램 14Z980 가벼운 그램노트북 i5 DDR4 초고속 M.2 SSD 장착 윈도우10 프로, WIN10, 16GB, 256GB, 코어i5, 화이트","549,000",4.5,448
"HP 14-ep0165TU - 학생용 인강용 가성비 저렴한 노트북, WIN11 Home, 32GB, 1TB, Silver","835,000",,0
"삼성 15.6인치 사무용 노트북 i5 6세대 SSD장착 윈10프로 무선마우스, WIN10 Pro, 블랙, 512GB, 코어i5, NT501R5A, 16GB","389,000",4.5,41
"베이직스 2023 베이직북S 10.1 셀러론, White, 128GB, 8GB, WIN11 Pro, BB1022FW","397,000",4.5,373
"LG그램 14Z980 I5-8250U/8G/SSD256G/UHD620/14/WIN10, WIN10, 8GB, 256GB, I5, 스노우화이트","498,000",5.0,81
"삼성 15.6인치 사무용 노트북 i5 6세대 SSD장착 윈10프로 무선마우스, WIN10 Pro, 블랙, 512GB, 코어i5, NT501R5A, 16GB","389,000",4.5,41
"삼성 중고 노트북 13인치 i5 / i7 RAM8GB SSD256GB 학습용 사무용 Win10(정품), NT901X3H_i7-6500U, WIN10, 8GB, 256GB, B급실버","309,000",5.0,1
"LG 그램 14Z980 8세대 코어i5-8250U 14인치 윈도우10, WIN10, 16GB, 512GB, 코어i5, 화이트","559,000",4.5,448
"HP 2023 노트북 240 G10 14 코어i5 인텔 13세대, 블랙, 512GB, 16GB, WIN11 Home, G10-9F1E3PT","819,000",,0
"삼성전자 노트북 9 metal NT901X5L i5-6200U 8G SSD Win10, WIN10 Home, 8GB, 512GB, 코어i5","345,450",4.5,22
"LG전자 울트라PC 15U590 FHD 15인치 i5-8265U/16G/NVMe 1TB/UHD620/Win10, win10 pro, 16GB, 512GB, 코어i5, 화이트","499,000",5.0,20
"삼성 사무용 인강 노트북 인텔 i5 i7 SSD장착 윈10 홈, NT370E, WIN10 Home, 8GB, 256GB, 코어i5 6세대, 블랙","299,000",4.5,101
"레노버 아이디어패드 Slim1-15ALC7, 15ALC7, Free DOS, 8GB, 256GB, 실버","378,000",5.0,7
"삼성 15인치 FHD 사무용 인강용 인텔 8세대 SSD장착 노트북 NT551EBE, WIN10 Pro, 16GB, 256GB, 코어i5, 블랙","429,000",4.5,24
"노트북/16인치/DDR4 16G/SSD 512G/가성비노트북/슬림/FHD IPS/업무용/사무용/그레이, WIN11 Home, grey, 16GB, 512GB, 노트북","319,900",4.5,39
"삼성전자 중고노트북 삼성노트북 NT501R5A 상태좋은 최강 중고노트북, WIN11 Pro, 8GB, 256GB, 코어i5 6200U, BLACK","329,000",4.0,16
"삼성전자 갤럭시북2 삼성S'이벤트 사은품증정 업무용 고성능노트북 NT550XEZ-코어i5/i3 윈도우11, A-코어i3/8GB/256GB/실버, WIN11 Home, 256GB, 8GB, 2-USB메모리/충전기/노트북가방 외","694,000",4.5,5
"삼성 15.6인치 사무용 노트북 i5 6세대 SSD장착 윈10프로 무선마우스, WIN10 Pro, 블랙, 256GB, 코어i5, NT501R5A, 8GB","319,000",4.5,41
LG 그램 14Z960 i5-6200 8G SSD256G Win10 가벼운 슬림한 노트북 980g,"389,560",4.0,85
"MSI 2023 모던 14 라이젠5 라이젠 7000 시리즈, 매트블랙, 512GB, 8GB, Free DOS, MODERN 14 C7M-237XKR","589,000",5.0,70
"HP 2023 노트북 255 G10 15.6 라이젠5 라이젠 7000 시리즈, 실버, 256GB, 8GB, Free DOS, 8L8J5PA","589,000",5.0,161
"삼성전자 NT371B5L 램16G m.2 512G+500GB 윈도우10 듀얼하드, 블랙, 코어i5, 1012GB, 16GB, WIN10 Home","299,000",5.0,97
"삼성 NT901X3L i5 8G 128G Win10 중고노트북, NT901X3H, WIN10 Home, 8GB, 128GB, 코어i5","269,000",4.5,42
"삼성전자 NT371B5J i5 8G SSD256GB Win10, 256GB, 8GB, WIN10 Home","230,000",4.0,7
"점퍼노트북 14 슬림 비즈니스 노트북 FHD+IPS/DDR4 12G+256G 그레이, WIN11 Home, Grey, 12GB, 256GB, S5-12256-J4105","241,500",5.0,4
"아이뮤즈 2020 스톰북 14.1 셀러론, White, 64GB, 4GB, WIN11 Home, StormBooK14","189,000",4.0,325
"노트북/16인치/DDR4 4G/SSD 128G/가성비노트북/슬림/FHD IPS/업무용/사무용/그레이, WIN11 Home, grey, 4GB, 128GB, EZbook-S5max","249,600",5.0,14
"LG전자 울트라PC 15U470 i5-7200U 16G Win10, 16GB, 1256GB, 코어i5, 화이트","395,000",5.0,9
"삼성 NT971B5L i5-6세대/SSD512장착/RAM16GB/WIN10/15.6""/FHD/, NT371B5L, WIN10 Pro, 16GB, 512GB, 코어i5, 블랙","299,000",4.0,11
"삼성 NT551EBE 8세대 i5 램8G SSD256 윈10 중고노트북, 코어i5, 256GB, 8GB, WIN10","329,000",4.5,117
"LG 울트라PC 15U560 6세대 i5 지포스940M 15.6인치 윈도우10, 8GB, WIN10 Pro, 1012GB, 코어i5, 화이트","598,000",4.5,415
"네오북 2024 노트북 14.1 셀러론, 화이트, 128GB, 6GB, WIN11 Home, N14GO","259,000",5.0,1
"A급중고/삼성/LG/HP I5 I7 리퍼 중고노트북 리퍼노트북 게이밍노트북 기본SSD장착 WIN10, 삼성 NT200B5C 지포스, WIN10 Pro, 8GB, 128GB, 코어i5, 블랙","179,000",4.0,72
"HP 2024 노트북 15 N100, 실버, 128GB, 4GB, WIN11 S, 15-fd0247TU","391,960",4.5,20
"삼성전자 시리즈3 NT301E5C i5-3210M 4G SSD128 Win10, WIN10 Pro, 4GB, 128GB, 코어i5",,4.5,5
"삼성 NT501R5L I5-6200/8G/SSD256G/15.6/WIN10, WIN10 Pro, 8GB, 256GB, 코어i5, 블랙","249,000",4.5,125
"NT371B5L I7-6820HQ/DDR4 16G/SSD512G/HD530/15.6 FHD/WIN10, 블랙, 코어i7, 512GB, 16GB, WIN10 Pro","398,000",4.5,66
"HP 2024 노트북 15 코어i3 인텔 13세대, 다이아몬드 화이트(커버) + 내추럴 실버(베이스), 512GB, 8GB, WIN11 Home, 15-fd0242TU","602,590",5.0,23
"HP 2024 노트북 15 N-시리즈, 웜 골드 커버 + 내추럴 실버 베이스, 128GB, 8GB, WIN11 S, 15-fd0247TU","419,000",4.5,20
"LG전자 그램 14 화이트 노트북 14Z980 코어i5-8250U 램12GB SSD256GB 윈10 탑재, WIN10 Home, 12GB, 256GB, 코어i5 8250U","598,000",4.5,448
삼성 노트북/NT200B5C/NT371B5J /I5 3320M 4G SSD128G/15.6인치 WIN10 Pro,,4.0,53
"A급중고 레노버 ThinkPad T480 I5-8350U/16G/SSD256GB/UHD620/14인치/WIN10, 블랙, 코어i5, 256GB, 16GB, WIN10 Pro","299,000",5.0,2
"레노버 2022 아이디어패드 슬림 3 17ABA7 17.3 라이젠5 라이젠 5000 시리즈, Arctic Grey, 512GB, 8GB, Free DOS, 82RQ004LKR","733,650",5.0,237
"삼성노트북 NT550XED-K24A 윈도우11탑재 가성비 인강용 사무용 학생용 업무용 노트북 추천 한컴오피스 증정, 실버, 펜티엄, 512GB, 16GB, Windows11Pro","680,000",5.0,290
"삼성노트북 NT371B5J 사무용노트북, WIN10 Pro, 16GB, 240GB, 코어i5, 블랙","309,000",4.0,230
"삼성 사무용 인강 노트북 인텔 i5 i7 SSD장착 윈10 홈, NT370E, WIN10 Home, 16GB, 512GB, 코어i5 6세대, 블랙","369,000",4.5,101
삼성 NT900X3G I5-4200U/4G/SSD256G/인텔HD/13.3/WIN10,"198,000",5.0,11
"삼성전자 갤럭시북 15.6 재택근무 학습용 노트북 한컴오피스팩 및 국내 정품 윈도우 패키지 동봉, R-A51AG, WIN11 Home, 16GB, 500GB, 그레이","999,000",5.0,2244
"[nvme 1TB 무료UP] LG전자 그램 15Z980 8세대i5 램16G SSD256G 윈도우10 가벼운 노트북, WIN10 Pro, 16GB, 화이트","599,000",5.0,1
레노버 아이디어패드 Slim1-15ALC7 R5-5500U 16GB 256GB WIN11 HOME 사무용 인강용 노트북 ED,"489,000",5.0,2
LG전자 울트라북 15U50N i5 10세대 16GB 신품 SSD 1TB 윈10,"599,000",5.0,7
"삼성전자 2023 갤럭시북3 360 15.6 코어i5 인텔 13세대 Iris Xe, 미스틱 실버, 512GB, 16GB, WIN11 Home, NT750QFT-A51A","1,399,000",5.0,411
"레노버 2022 씽크패드 L13 G2 라이젠5 라이젠 5000 시리즈, Black, 256GB, 8GB, WIN10 Pro, ThinkPad L13 G2","419,000",5.0,2
"듀얼코어 노트북 삼성 DELL 엘지 HP SSD, 외산, WIN7 Home, 120GB, 4GB, 배터리없음","89,000",2.5,2
"삼성전자 갤럭시북4 프로 NT960XGK-K71A 16인치 인텔 울트라7 영상편집 사무용 코딩용 대학생 고사양 120Hz 터치스크린 윈도우11 노트북, WIN11 Home, 32GB, 1TB, 문스톤 그레이","2,189,000",5.0,489
"네오북 2024 노트북 14.1 셀러론, 퍼플, 128GB, 6GB, WIN11 Home, N14GO","259,000",5.0,1
"레노버 2023 아이디어패드 슬림 3 15ABR8 15.6 라이젠7 라이젠 7000 시리즈, ARCTIC GREY, 256GB, 16GB, Free DOS, 82XM0036KR","689,000",5.0,141
"LG전자 2023 울트라PC 15 코어i5 인텔 13세대, 화이트, 256GB, 8GB, WIN11 Home, 15U50R-GR56K","1,090,950",5.0,28
"HP 2023 네로 15s 가성비 사무용 노트북 [사은품증정], 15s-eq2259AU, WIN11 Pro, 32GB, 1TB, 라이젠7, 실버","869,000",5.0,26
"A급중고 LG 15N540 I5-4310M/16G/SSD256G/HD4600/15.6 HD/WIN10 게이밍북, WIN10 Pro, 16GB, 256GB, 코어i5, 실버","249,000",4.0,17
"델 2023 인스피론 15 3535 라이젠3 라이젠 7000 시리즈, 카본 블랙, 512GB, 8GB, WIN11 Home, DN3535-W003KR","549,000",4.5,22
"레노버 2022 아이디어패드 슬림 3 17ABA7 17.3 라이젠5 라이젠 5000 시리즈, Arctic Grey, 512GB, 16GB, Free DOS, 82RQ004LKR","819,000",5.0,237
"LG 8세대 GRAM 14Z980 코어i5 16GB SSD256GB Win10, 4. 14Z980, WIN10 Home, 8GB, 256GB","498,000",4.5,448
"레노버 2023 V15 G4 코어i5 인텔 13세대, Iron Gray, 256GB, 16GB, Free DOS, 83A10001KR","629,000",5.0,53
"HP 2023 노트북 255 G10 15.6 라이젠5 라이젠 7000 시리즈, 실버, 256GB, 8GB, Free DOS, G10-9F186PT","399,000",5.0,2
"HP 2023 노트북 15 코어i5 인텔 13세대, Natural Silver, 512GB, 16GB, WIN11 Home, 15-fd0096tu","858,260",4.5,1009
"민트 액정클리너 + 극세사 융, 1세트","7,680",4.5,4179
"HP 2024 자비스 AI 노트북 15 코어Ultra5 인텔 14세대, Natural Silver, 512GB, 16GB, WIN11 Home, 15-fd1029TU","998,990",4.5,48
"삼성전자 갤럭시북4 프로 NT960XGK-K71A 16인치 인텔 울트라7 영상편집 사무용 코딩용 대학생 고사양 120Hz 터치스크린 윈도우11 노트북, WIN11 Home, 32GB, 1TB, 문스톤 그레이","2,189,000",5.0,489
"삼성전자 갤럭시북4 프로 14인치 인텔 코어 울트라5 최신형 사무용 가벼운 터치 노트북, WIN11 Home, 16GB, 512GB, 플래티넘 실버","1,549,000",5.0,124
"코어2듀오 SSD120G RAM 4G 사무용 노트북, 엘지/삼성, 윈도우10, 4GB, 128GB, 랜덤","129,000",4.0,6
"삼성전자 갤럭시북4 프로 NT960XGK-K71A 16인치 인텔 울트라7 영상편집 사무용 코딩용 대학생 고사양 120Hz 터치스크린 윈도우11 노트북, WIN11 Home, 32GB, 1TB, 문스톤 그레이","2,189,000",5.0,489
"레토 메탈 듀얼 쿨러 노트북 거치대 LCS-S01, 화이트","13,900",4.5,11114
"HP 2023 네로 15s 가성비 사무용 노트북 [사은품증정], 15s-eq2259AU, WIN11 Pro, 32GB, 1TB, 라이젠7, 실버","869,000",5.0,26
"LG 노트북 코어i5 4세대 8세대 15.6인치 SSD240G RAM8G 사무용 가정용 윈도우10, LGS525, WIN10, 4GB, 128GB, 블랙","198,450",4.5,59
"LG그램15 코어i5(10세대/ 램 16G/ SSD 256G/ 윈도우11프로 초경량 1.09kg, 15ZB995, 코어i5, 256GB, 16GB, WIN10","759,000",5.0,21
"삼성 NT501R5A I5-6200U/8G/SSD128G/HD520/15.6/FHD/WIN10, WIN10 Pro, 8GB, 128GB, 코어i5, 블랙","249,000",4.5,125
"에이수스 2024 TUF 게이밍 A15 라이젠7 라이젠 7000 시리즈 지포스 RT 4050, Mecha Gray, 512GB, 16GB, Free DOS, FA507NUR-LP164","1,199,000",4.0,3
"뷰라이프 24인치 일체형PC N5095 윈도우11포함 무선키보드마우스 증정, 240GB, 8GB","338,000",4.5,47
"레노버 2022 아이디어패드 슬림 3 17ABA7 17.3 라이젠5 라이젠 5000 시리즈, Arctic Grey, 512GB, 16GB, Free DOS, 82RQ004LKR","819,000",5.0,237
한국미디어시스템 삼성 A13-040N2A 전용 (일체형) AD-4019A 호환 어댑터 BLACK,"8,400",4.5,82
"베이직스 2022 베이직북14 3세대 데스크핏 풀패키지 + 플러스케어 + 데스크매트 + 키스킨 + 무선마우스 셀러론, White, 256GB, 8GB, WIN11 Pro, BB1422SS","398,000",4.5,62
"HP 2024 자비스 AI 노트북 15 코어Ultra5 인텔 14세대, Diamond White, 512GB, 16GB, WIN11 Home, 15-fd1156TU","998,990",4.5,48
"레노버 2023 V15 G4 코어i5 인텔 13세대, Iron Gray, 256GB, 8GB, Free DOS, 83A10001KR","622,380",5.0,53
"삼성전자 노트북 5 코어i5 8세대 SSD탑재 NT551EBE 그레이 코어i5-8265U 램8GB SSD256GB 윈10 Pro 탑재, WIN10 Pro, 8GB, 256GB","373,650",4.5,29
"삼성전자 2023 삼성 갤럭시북3 360 15.6 코어i5 인텔 13세대 Iris Xe, 미스틱 실버, 512GB, 16GB, WIN11 Home, NT750QFT-A51A","1,399,000",5.0,571
"레노버 2022 아이디어패드 슬림 1 15AMN7 15.6 라이젠3 라이젠 7000 시리즈, Cloud Grey (82VG), 256GB, 8GB, WIN11 Home, 82VG002FKR","530,000",5.0,1371
"HP 2023 오멘 16 라이젠7 라이젠 7000 시리즈 지포스 RTX 4060, 쉐도우 블랙, 512GB, 16GB, WIN11 Home, 16-xf0052AX","1,849,890",5.0,481
"삼성전자 갤럭시북4 프로 NT960XGQ-A51A 인텔 울트라5 색상선택 16인치 고해상도 AI 노트북 사무용 대학생 터치스크린 노트북, 문스톤그레이, NT960XGQ-A51AG, 코어Ultra5, 512GB, 16GB, WIN11 Home","1,599,000",5.0,346
"레노버 2023 아이디어패드 슬림 3 16ABR8 16 라이젠5 라이젠 7000 시리즈, Arctic Grey (82XR), 256GB, 16GB, Free DOS, 82XR000HKR","676,770",5.0,243
"앱코 NCORE 노트북 쿨링 패드 받침대 NC30, 혼합 색상","23,700",4.5,4866
하이닉스 노트북용 RAM 8GB DDR5-4800MHz 새상품/벌크 당일출고/무료배송,"17,900",4.5,13
"HP 2024 노트북 15 코어i3 인텔 13세대, 다이아몬드 화이트(커버) + 내추럴 실버(베이스), 512GB, 16GB, WIN11 Home, 15-fd0242TU","698,740",5.0,23
"에이수스 2024 비보북 고 15 코어i3 인텔 13세대, 쿨 실버, 512GB, 8GB, Free DOS, E1504GA-BQ483","427,830",5.0,6
"네오북 2024 노트북 14.1 셀러론, 블랙, 128GB, 6GB, WIN11 Home, N14GO","259,000",5.0,1
"사무용 노트북 렌탈 대여 임대 사무용 가정용 회사용 관공서용 대량렌탈가능, WIN10 Pro, 5일, 128GB, 사무용노트북, 8GB","18,900",5.0,1
"에이수스 2024 TUF 게이밍 F17 코어i7 인텔 13세대 지포스 RTX 4050, 메카 그레이, 1TB, 32GB, Free DOS, FX707VU-HX107","1,486,270",4.5,38
"삼성전자 갤럭시북4 프로 14인치 인텔 코어 울트라5 최신형 사무용 가벼운 터치 노트북, WIN11 Home, 16GB, 512GB, 플래티넘 실버","1,549,000",5.0,124
"델 2024 인스피론 15 3535 라이젠5 라이젠 7000 시리즈, 카본 블랙, 512GB, 16GB, WIN11 Home, DN3535-W002KR","697,000",4.5,21
"삼성전자 갤럭시북 15.6 재택근무 학습용 노트북 한컴오피스팩 및 국내 정품 윈도우 패키지 동봉, NT550-I5, WIN11 Home, 16GB, 250GB, 코어i5, 그라파이트","859,000",5.0,2244
"MSI 2023 GF63 씬 12VE 15.6 지포스 RTX 4050, 블랙, 512GB, 16GB, Free DOS, MS-16R1","1,126,250",5.0,216
"삼성노트북 한컴오피스 증정 i7 윈도우11 가성비 사무용 대학생 인강용 광시야각 동영상 업무용 노트북추천, 실버, 코어i7, 1TB, 16GB, WIN11 Home, NT750XGR-A71A","1,249,000",5.0,1156
"MSI Sword GF76 게이밍 노트북 17.3 코어i7 인텔 13세대 지포스 RTX 4060, 블랙, 512GB, 16GB, Free DOS, B13VFK 212","1,369,000",4.5,408
"와이피 다기능 9단조절 휴대용 접이식 스탠드 받침대 각도조절 노트북 맥북 거치대 -YP9001, 블랙","26,000",5.0,140
"레노버 2024 아이디어패드 슬림 3 15IAU7 코어i3 인텔 12세대, Arctic Grey, 512GB, 16GB, Free DOS, 82RK0164KR","536,250",5.0,65
"LG전자 울트라 PC 15.6 화이트 노트북 11세대 코어i5-1135G7U 램16GB SSD256GB 윈10 탑재, 15U시리즈, WIN10 Pro, 16GB, 256GB","678,000",,0
"샌디스크코리아 공식인증정품 마이크로 SD 카드 SDXC ULTRA 울트라 QUAC 512GB, 512기가","45,750",5.0,136
"LG전자 울트라PC 15인치 2023 최신 RAM 8GB SSD 256GB 윈도우11, 15UD40R-GX56K, WIN11 Home, 라이젠5, 화이트","659,000",5.0,18
"레노버 2024 아이디어패드 슬림 5 14AHP9 라이젠7 라이젠 8000 시리즈, CLOUD GREY, 512GB, 32GB, Free DOS, 83DB001HKR","1,107,990",4.5,13
"LG 울트라 PC 15.6인치 7세대 SSD장착 윈도우10 프로, 15UB470, WIN10 Pro, 16GB, 512GB","389,000",5.0,1
"HP 2024 자비스 AI 노트북 15 코어Ultra5 인텔 14세대, Natural Silver, 512GB, 32GB, Free DOS, 15-fd1030TU_T2","966,730",4.5,48
"점퍼 노트북 12G/SSD 256G/14/DDR4/가성비/슬림/초경량/업무용/그레이, WIN11 Home, grey, 12GB","259,480",4.5,20
"삼성전자 갤럭시북 15.6 재택근무 학습용 노트북 한컴오피스팩 및 국내 정품 윈도우 패키지 동봉, NT550-I5, WIN11 Home, 8GB, 250GB, 코어i5, 그라파이트","829,000",5.0,2244
"아이뮤즈 2020 스톰북 14.1 셀러론, White, 64GB, 4GB, Free DOS, StormBooK14","188,100",4.0,325
"삼성 사무용 인강 노트북 인텔 i5 i7 SSD장착 윈10 홈, NT370E, WIN10 Home, 4GB, 128GB, 코어i5 4세대, 블랙","239,000",4.5,101
레노버 저렴한 업무용 가성비 싼 사무용 리퍼 노트북 요가북 X1 i7 14인치 터치,"389,000",5.0,1
"삼성 LG HP 노트북 i5 가정 업무 게임 포토샵 주식용 Win10 무상1년 사은품, 다크실버, LG 15U780 i7게임용, 코어i7, 240GB, 16GB, Win11","656,000",4.5,156
잘만 노트북 쿨링 받침대 ZM-NS1000,"23,410",4.5,1409
"레노버 2023 아이디어패드 슬림 5 16IAH8 16 코어i5 인텔 12세대, 클라우드 그레이, 512GB, 16GB, WIN11 Home, 83BG0008KR","829,410",5.0,72
"에이수스 2023 비보북 15 코어i5 인텔 13세대, 콰이어트 블루, 256GB, 8GB, Free DOS, X1502VA-BQ079","659,000",5.0,46
"삼성 노트북 15.6인치 NT371B5L 사무용 가정용 인강용 게이밍 롤 포토샵 i5 ssd탑재 윈10 pro, 코어i5, 512GB, 16GB, WIN10 Pro","389,000",4.5,88
"[정품] ASUS C200M C200MA 전용 노트북 어댑터 아답타 충전기 19V 1.75A (33W), 2. 잭규격: 4.0x1.35","14,500",5.0,92
"에이서 2023 스위프트 엣지 16 OLED, 블랙, 512GB, 32GB, Free DOS, SFE16-43-R8ZU","1,249,000",4.5,51
"LG 노트북 코어i5 4세대 8세대 15.6인치 SSD240G RAM8G 사무용 가정용 윈도우10, LG15N540, WIN10, 8GB, 256GB, 실버","271,950",4.5,59
"레노버 2023 아이디어패드 슬림 3 15IAH8 코어i5 인텔 12세대, Arctic Grey, 256GB, 16GB, WIN11 Home, 83ER0062KR","819,000",5.0,2
"앱코 게이밍 노트북 쿨링 패드 NCORE NC500, 혼합색상","37,600",4.5,1512
"힐링쉴드 LG전자 그램 15 2023 15Z90R / 15ZD90R 저반사 Light 액정보호필름 세트, 1세트","17,520",4.5,9
명품노트북 레노버 X13 I5-10310u/16G/SSD256G/UHD/13.3인치/WIN10,"398,000",,0
"LG전자 2023 울트라PC 15 15U40R-GRTWK - WIN11 설치 모델로 출고됩니다., WIN11 Home, 32GB, 512GB, 라이젠3, 화이트","699,000",5.0,18
"레노버 2023 아이디어패드 슬림 5 16IAH8 16 코어i5 인텔 12세대, 클라우드 그레이, 512GB, 16GB, Free DOS, 83BG0008KR","630,750",5.0,72
"HP 2023 빅터스 15 코어i5 인텔 12세대 지포스 RTX 4050, Mica Silver, 512GB, 16GB, Free DOS, 15-fa1108TX","1,138,000",5.0,474
"LG 울트라PC 15UB470 6세대 i5 램16G HD520 15.6인치 윈10, WIN10, 16GB, 628GB, 코어i5, 퓨어 화이트","372,900",5.0,18
"DELL 래티튜드 7480 7세대 코어i7-7600U 16G SSD 512GB HD620 14인치 FHD 윈10프로 NVMe 무료 업그레이드 이벤트!!, WIN10 Pro, 16GB, 코어i7, 블랙","388,000",4.0,4
"HP 2024 자비스 AI 노트북 15 코어Ultra5 인텔 14세대, Natural Silver, 512GB, 16GB, Free DOS, 15-fd1030TU","898,990",4.5,48
"삼성전자 2023 삼성 갤럭시북3 360 15.6 코어i5 인텔 13세대 Iris Xe, 미스틱 실버, 512GB, 16GB, WIN11 Home, NT750QFT-A51A","1,399,000",5.0,571
"레노버 2022 아이디어패드 슬림 3 17ABA7 17.3 라이젠5 라이젠 5000 시리즈, Arctic Grey, 256GB, 24GB, Free DOS, 82RQ004LKR","799,000",5.0,237
"HP 2023 노트북 255 G10 15.6 라이젠5 라이젠 7000 시리즈, 실버, 256GB, 8GB, Free DOS, G10-9F186PT","399,000",5.0,2
"삼성전자 갤럭시북4 프로 14인치 인텔 코어 울트라5 최신형 사무용 가벼운 터치 노트북, WIN11 Home, 16GB, 512GB, 플래티넘 실버","1,549,000",5.0,124
"LG전자 2023 울트라 PC 15, 화이트, 256GB, 8GB, WIN11 Home, 15U40R-GR36K","929,000",5.0,51
"HP 2024 자비스 AI 노트북 15 코어Ultra5 인텔 14세대, Natural Silver, 512GB, 16GB, WIN11 Home, 15-fd1029TU","998,990",4.5,48
RichMagic 노트북 쿨링받침대 e스포츠 14팬 냉각 RGB 노트북 고효율 방열 거치대,"30,170",4.5,34
"삼성전자 2023 삼성 갤럭시북3 360 15.6 코어i5 인텔 13세대 Iris Xe, 미스틱 실버, 512GB, 16GB, WIN11 Home, NT750QFT-A51A","1,399,000",5.0,571
"Apple 2020 맥북 에어 13, 스페이스 그레이, M1, 256GB, 8GB, A2337","979,000",5.0,13035
"삼성전자 2024 갤럭시북4 프로 16 코어i7 인텔 13세대 Iris Xe, 그라파이트, NT960XFG-K71AG, 코어Ultra7, 512GB, 16GB, WIN11 Home","1,889,000",5.0,425
"HP 2023 파빌리온 에어로 13 라이젠7 라이젠 7000 시리즈, 세라믹 화이트, 1TB, 16GB, WIN11 Home Plus, 13-be2115AU","1,199,000",5.0,35
"[도시바 Z30-C] 노트북 인텔 6세대 i7-6600 8G SSD256G 윈10 13.3인치 터치북, Z30-C, WIN10 Pro, 8GB, 256GB, 코어i7, 밤색","248,000",5.0,1
갤럭시 북3 고 GO 5G 128GB 14인치 노트북 가개통 미개봉 NT345XPAN 실버,"331,000",4.0,4
"HP 2023 오멘 16 라이젠7 라이젠 7000 시리즈 지포스 RTX 4060, 쉐도우 블랙, 512GB, 16GB, WIN11 Home, 16-xf0052AX","1,849,890",5.0,481
"Apple 2022 맥북 에어 13 M2, 미드나이트, M2 8코어, GPU 8코어, 256GB, 8GB, 30W, 한글, MLY33KH/A","1,113,390",5.0,5517
"삼성전자 갤럭시북4 프로 NT960XGK-K71A 16인치 인텔 울트라7 영상편집 사무용 코딩용 대학생 고사양 120Hz 터치스크린 윈도우11 노트북, WIN11 Home, 16GB, 512GB, 문스톤 그레이","1,889,000",5.0,489
"에이수스 2024 TUF 게이밍 F17 코어i7 인텔 13세대 지포스 RTX 4050, 메카 그레이, 512GB, 16GB, Free DOS, FX707VU-HX107","1,349,000",4.5,38
"레노버 2024 아이디어패드 슬림 5 16AHP9 라이젠7 라이젠 8000 시리즈, CLOUD GREY, 512GB, 16GB, Free DOS, 83DD000VKR","1,139,000",4.5,20
"HP 노트북 충전기 19.5V 2.31A 45W 연결잭 직경 4.5X3.0mm 블루팁 (전원케이블 포함), HP 45W 노트북 충전기 + 전원케이블 포함","22,900",5.0,167
"LG그램 16인치 17인치 11세대 인텔 i7 Win11 360도 터치스크린 터치펜포함 RAM 16GB NVMe 512GB 16:10 블랙 16T90P-K.AAE7U1, 15인치터치, i5, WIN11 Home","1,229,000",5.0,162
"레노버 2023 아이디어패드 슬림 3 15IAH8 코어i5 인텔 12세대, Arctic Grey, 512GB, 16GB, WIN11 Home, 83ER0061KR","859,000",5.0,2
"LG 울트라PC 15UB470 i5 16G 지포스940MX 15.6 윈도우10, WiIN10, 16GB, 256GB, 코어i5, 퓨어 화이트","395,000",4.5,12
"HP 15 노트북 코어i5 인텔 13세대, Natural Silver, 512GB, 32GB, WIN11 Home, 15-fd0096TU","898,000",4.5,1009
"삼성전자 갤럭시북4 프로 360 16인치 인텔 코어 울트라5 터치 디스플레이 WQXGA+ 태블릿 2in1 S펜 사무용 업무용 AI OLED 노트북, 갤럭시북 360, WIN11 Home, 16GB, 512GB, 문스톤 그레이","1,849,000",5.0,111
"HP 2024 자비스 AI 노트북 15 코어Ultra7 인텔 14세대, Natural Silver, 512GB, 32GB, WIN11 Home, 15-fd1016TU","1,299,000",,0
"삼성전자 2023 갤럭시북3 360 15.6 코어i5 인텔 13세대 Iris Xe, 미스틱 실버, 512GB, 16GB, WIN11 Home, NT750QFT-A51A","1,399,000",5.0,411
"에이수스 2024 TUF 게이밍 A15 라이젠7 라이젠 7000 시리즈 지포스 RT 4050, Mecha Gray, 512GB, 16GB, Free DOS, FA507NUR-LP164","1,199,000",4.0,3
"HP 2024 빅터스 16 라이젠5 라이젠 8000 시리즈 지포스 RTX 4060, Mica Silver, 512GB, 16GB, Free DOS, 16-s1038AX","1,487,040",5.0,16
"HP 2023 네로 15s 가성비 사무용 노트북 [사은품증정], 15s-eq2259AU, WIN11 Pro, 32GB, 2TB, 라이젠7, 실버","959,000",5.0,26
"힐링쉴드 노트북 올레포빅 Light 액정보호필름, 1개","17,520",5.0,1
"카라스 LG 2021 울트라PC 15U50P / 15UD50P 노트북 실리스킨, 1개","6,660",5.0,79
"탐사 고급형 접이식 알루미늄 노트북 거치대 (휴대용 파우치 포함), 티타늄 블랙","12,690",4.5,864
"DELL 인스피론15 DN3520-UB02KR *UB07KR 모델로 출고됩니다*, WIN11 Home, 32GB, 1TB, 카본블랙","679,000",5.0,3
"삼성 노트북 15.6인치 NT371B5L 사무용 가정용 인강용 게이밍 롤 포토샵 i5 ssd탑재 윈10 pro, 코어i5, 256GB, 8GB, WIN10 Pro","319,000",4.5,88
"에이수스 2024 TUF 게이밍 A16 라이젠9 라이젠 7000 시리즈 지포스 RTX 4070, Mecha Gray, 1TB, 32GB, Free DOS, FA607PI-QT037","1,828,700",4.5,33
"HP 프로북 430 G3 13.3인치 인텔 6세대 Core-i5 M.2 SSD탑재 윈도우11설치 중고노트북 1.5Kg ProBook, ProBook 430 G3, WIN11 Pro, 8GB, 756GB, 코어i5","269,000",4.0,22
"HP 2024 빅터스 15 코어i5 인텔 13세대 지포스 RTX 3050, Mica Silver, 512GB, 8GB, Free DOS, 15-fa1245TX","905,280",4.5,23
"홈플래닛 접이식 휴대용 알루미늄 노트북 거치대 (휴대용 파우치 포함), 매트 블랙","9,890",4.5,9504
"CHUWI MINIBOOK X N100 미니북 노트북 태블릿 포함 윈도우 11, CHUWI Minibook X 10.5인치 미니북, WIN11 Home, 12GB, 512GB","389,900",5.0,2
"삼성전자 갤럭시북4 15.6 코어I5 13세대 한컴오피스팩 및 무선마우스, R-A51AS, WIN11 Home, 16GB, 512GB, 실버","999,000",5.0,353
"HP 2023 빅터스 15 코어i5 인텔 12세대 지포스 RTX 4050, Mica Silver, 512GB, 16GB, WIN11 Home, 15-fa1108TX","1,312,760",5.0,474
"삼성 칩 노트북 램8기가 DDR4 8GB PC4-19200 2400MHz RAM 메모리 새상품, 노트북 8GB 램 메모리 PC4-19200 신품","20,800",5.0,162
"레노버 2024 씽크북 16IML G7 ULT5 코어Ultra5, Arctic Grey, 512GB, 16GB, Free DOS, 21MS006WKR","1,092,000",5.0,3
"에이서 24년 최신 AI CPU R7 8845HS 16인치 게이밍노트북 NITRO V 16 RTX4050, ANV16-41-R584, WIN11 Home, 16GB, 512GB, 블랙","1,159,000",4.5,7
"HP 2023 파빌리온 플러스 14 코어i7 인텔 13세대, 내추럴 실버, 512GB, 16GB, WIN11 Home, 14-ew0019TU","1,288,870",5.0,21
"레노버 2024 LOQ 15IRX 코어i7 인텔 14세대 지포스 RTX 4060, Luna Grey, 512GB, 16GB, Free DOS, 83DV004CKR","1,699,000",4.5,49
"LG 2023 울트라PC 15UD50R-GX56K [이벤트 한정특가 / 사은품증정], WIN11 Pro, 32GB, 1TB, 코어i5, 화이트","999,000",4.5,13
"HP 노트북 14인치 사무용 i7-8세대 엘리트북 840 G5 고사양 고성능, WIN10, 16gb, 512gb, 코어i7","488,000",2.0,1
"레노버 2024 아이디어패드 프로 5i 16IMH 코어Ultra7 인텔 14세대, Arctic Grey, 1TB, 32GB, Free DOS, 83D4005AKR","1,399,000",5.0,10
"레노버 2024 LOQ 15IAX9I 코어i5 인텔 12세대 아크 A530M, Luna Grey, 512GB, 16GB, WIN11 Home, 83FQ000JKR","1,119,000",4.0,7
"델 2024 게이밍 G15 5530 코어i5 인텔 13세대 지포스 RTX 3050, 다크 섀도우 그레이, 512GB, 8GB, Linux, DG5530-UB01KR","1,140,000",5.0,8
"LG전자 그램 Pro 16 코어 울트라5 RTX3050, 에센스 화이트, 256GB, 16GB, WIN11 Home, 16Z90SP-EA5CK","2,059,050",5.0,64
"레노버 2024 요가 슬림 7 14IMH9 코어Ultra7 인텔 14세대, Luna Grey, 1TB, 32GB, Free DOS, 83CV0025KR","1,449,000",5.0,4
"ipTIME 노트북용 유선랜카드 U1G, 1","15,400",5.0,1886
"LG 노트북 그램360 16T90P 16TD90P 호환 USB C타입 20V 3.25A 65W 일체형 PD 전원 어댑터 충전기, 화이트","23,470",5.0,24
"레노버 2024 아이디어패드 5i 프로 14IMH 코어Ultra7, Arctic Grey, 1TB, 32GB, Free DOS, 83D2001DKR","1,349,000",4.5,21
"A급중고/삼성/LG/HP I5 I7 리퍼 중고노트북 리퍼노트북 게이밍노트북 기본SSD장착 WIN10, 삼성 NT301E5C, WIN10 Pro, 8GB, 256GB, 코어i5, 블랙","179,000",4.0,72
"에이수스 2023 젠북 15 OLED 라이젠7 라이젠 7000 시리즈, 폰더 블루, 512GB, 16GB, WIN11 Home, UM3504DA-MA180W","1,069,000",5.0,41
"삼성노트북 NT550XED-K24A 윈도우11탑재 가성비 인강용 사무용 학생용 업무용 노트북 추천 한컴오피스 증정, 실버, 펜티엄, 628GB, 8GB, Windows11Pro","650,000",5.0,290
"에이수스 2024 TUF 게이밍 A15 라이젠7 라이젠 8000 시리즈 지포스 RTX 4060, Mecha Gray, 512GB, 16GB, Free DOS, FA507UV-HQ095","1,498,000",4.5,77
"LG전자 PC그램 15Z960 i5 8G SSD256 Win10 가벼운 노트북, WIN10 Home, 8GB, 256GB, 코어i5, 스노우 화이트",,4.5,28
"HP 2023 파빌리온 플러스 16 코어i7 인텔 13세대 지포스 RTX 3050, 내추럴 실버, 1TB, 16GB, WIN11 Home, 16-ab0004TX","1,598,470",5.0,21
"LG 2023 울트라PC 15UD50R-GX56K [이벤트 한정특가 / 사은품증정], WIN11 Pro, 16GB, 512GB, 코어i5, 화이트","899,000",4.5,13
"MSI 2023 알파 17 라이젠9 라이젠 7000 시리즈 지포스 RTX 4070, 블랙, 1TB, 16GB, Free DOS, MS-17K","2,099,000",4.5,90
"HP 2023 네로 15s 가성비 사무용 노트북 [사은품증정], 15s-eq2259AU, WIN11 Pro, 16GB, 512GB, 라이젠7, 실버","719,000",5.0,26
"소이믹스 알루미늄 각도조절 노트북 맥북 거치대 SOME1X, 다크그레이","19,450",5.0,1382
"MSI Sword GF76 17.3 코어i7 인텔 13세대 지포스 RTX 4060, 블랙, 1TB, 16GB, WIN11 Pro, GF76 B13VFK","1,599,000",5.0,125
"레노버 2023 씽크패드 E15 G4 15.6 코어i5 인텔 12세대, Black, 256GB, 8GB, Free DOS, 21E600EDKD","833,110",5.0,4
"HP 2023 노트북 15s 코어i5 인텔 12세대, 화이트, 512GB, 16GB, Free DOS, 15s-fq5304TU","599,000",5.0,47
"LG전자 그램 15 코어 울트라5 인텔 Iris, 에센스 화이트, 256GB, 8GB, WIN11 Home, 15Z90S-GR5CK","1,540,000",5.0,29
"LG노트북 15.6인치 울트라 PC 사무용 노트북 i7-6세대 SSD M.2 WIN10 11 (15U560), 15U560_G 10 11, WIN10 Pro, 8GB, 256GB, 그레이","369,000",5.0,1
"레노버 2024 V15 G4 13420H 코어i5 인텔13세대, Iron grey, 256GB, 8GB, Free DOS, 83A100HJKR","649,000",5.0,4
"HP 2023 노트북 255 G10 15.6 라이젠5 라이젠 7000 시리즈, 실버, 256GB, 8GB, Win11 Home, 8L8J5PA","762,760",5.0,161
"MSI BRAVO 17 D7VF [이벤트 한정특가 / 사은품증정], WIN11 Pro, 64GB, 2TB, 라이젠7, 블랙","1,649,000",5.0,4
"HP 2023 노트북 255 G10 15.6 라이젠5 라이젠 7000 시리즈, 실버, 256GB, 16GB, Free DOS, G10-9F186PT","507,220",5.0,2
"HP 2023 노트북 15 코어i5 인텔 13세대, Natural Silver, 512GB, 16GB, WIN11 Home, 15-fd0096tu","858,260",4.5,1009
"HP 2023 오멘 16 라이젠7 라이젠 7000 시리즈 지포스 RTX 4060, 쉐도우 블랙, 1TB, 16GB, WIN11 Home, 16-xf0052AX","1,898,000",5.0,481
"삼성전자 갤럭시북4 프로 14인치 인텔 코어 울트라5 최신형 사무용 가벼운 터치 노트북, WIN11 Home, 16GB, 512GB, 플래티넘 실버","1,549,000",5.0,124
"삼성전자 갤럭시북4 프로 NT960XGQ-A51A 인텔 울트라5 색상선택 16인치 고해상도 AI 노트북 사무용 대학생 터치스크린 노트북, 플레티넘실버, NT960XGQ-A51AS, 코어Ultra5, 512GB, 16GB, WIN11 Home","1,599,000",5.0,346
"삼성전자 갤럭시북4 프로 NT960XGK-K71A 16인치 인텔 울트라7 영상편집 사무용 코딩용 대학생 고사양 120Hz 터치스크린 윈도우11 노트북, WIN11 Home, 32GB, 1TB, 문스톤 그레이","2,189,000",5.0,489
"에이수스 2024 비보북 16 코어i5 인텔 13세대, 인디 블랙, 512GB, 8GB, Free DOS, X1605VA-MB772","618,810",5.0,2
"삼성전자 2023 삼성 갤럭시북3 360 15.6 코어i5 인텔 13세대 Iris Xe, 미스틱 실버, 512GB, 16GB, WIN11 Home, NT750QFT-A51A","1,399,000",5.0,571
"MSI 2023 GF63 씬 15.6, 블랙, 512GB, 16GB, Free DOS, Thin GF63 12UCX-i5 (636XKR)","799,000",5.0,25
"삼성노트북 NT550XED-K24A 윈도우11탑재 가성비 인강용 사무용 학생용 업무용 노트북 추천 한컴오피스 증정, 그라파이트, 펜티엄, 256GB, 16GB, Windows11Pro","650,000",5.0,290
"HP 노트북 엔비 파빌리온 스펙터 시리즈 호환 충전기 19.5V 2.3A 45W (4.5X3.5mm) 블루팁 전원 어댑터 아답터, NK4519B","13,480",5.0,230
"HP 2024 자비스 AI 노트북 15 코어Ultra5 인텔 14세대, Natural Silver, 512GB, 16GB, WIN11 Home, 15-fd1029TU","998,990",4.5,48
"베이직스 2023 베이직북S 10.1 셀러론, White, 128GB, 8GB, WIN11 Pro, BB1022FW","397,000",4.5,373
"HP 2023 오멘 16 라이젠7 라이젠 7000 시리즈 지포스 RTX 4060, 쉐도우 블랙, 512GB, 16GB, WIN11 Home, 16-xf0052AX","1,849,890",5.0,481
"에이수스 2024 젠북 14 OLED 코어Ultra7 인텔 14세대, 포기 실버, 512GB, 16GB, WIN11 Home, UX3405MA-PP668W","1,449,000",5.0,51
"에이수스 2024 젠북 14 코어Ultra9 인텔 14세대, 폰더 블루, 1TB, 32GB, WIN11 Home, UX3405MA-PZ293W","1,749,000",5.0,11
"에이수스 2024 비보북Go 15 E1504FA-BQ476 15.6 라이젠5 Radeon, 쿨 실버, 512GB, 16GB, Win11 Home","752,760",5.0,761
"HP 15s 라이젠7 가성비 노트북 프리도스, Free DOS, 32GB, 1TB, 실버","699,000",5.0,3
"HP 2024 노트북 17 코어3 인텔 14세대, Natural Silver, 256GB, 16GB, WIN11 Home, 17-cn4013TU Super","721,830",5.0,1
"레노버 2022 아이디어패드 슬림 1 15AMN7 15.6 라이젠5 라이젠 7000 시리즈, Cloud Grey (82VG), 256GB, 8GB, Free DOS, 82VG002FKR","548,560",4.5,521
"레노버 2023 아이디어패드 슬림 3 15IRH8, Arctic Grey, 코어i5, 512GB, 16GB, WIN11 Home, 83EM000QKR","909,000",,0
"삼성전자 2023 갤럭시북3 360 15.6 코어i5 인텔 13세대 Iris Xe, 미스틱 실버, 512GB, 16GB, WIN11 Home, NT750QFT-A51A","1,399,000",5.0,411
"에이수스 2024 비보북 S 15 라이젠5 라이젠 7000 시리즈, 뉴트럴 블랙, 512GB, 16GB, Free DOS, M5506NA-MA036","899,000",5.0,7
"삼성전자 2024 갤럭시북4 프로 16 코어i7 인텔 13세대 Iris Xe, 그라파이트, NT960XFG-K71AG, 코어Ultra7, 512GB, 16GB, WIN11 Home","1,889,000",5.0,425
"삼성전자 갤럭시북4 프로 360 16인치 인텔 코어 울트라5 터치 디스플레이 WQXGA+ 태블릿 2in1 S펜 사무용 업무용 AI OLED 노트북, 갤럭시북 360, WIN11 Home, 16GB, 512GB, 문스톤 그레이","1,849,000",5.0,111
"노벨뷰 쿨러몬스터 F3 RGB 게이밍 알루미늄 노트북 거치대, BLUE","25,900",4.5,29
"레노버 2023 아이디어패드 슬림 3 15IRH8 코어i5 인텔 13세대, Arctic Grey, 256GB, 16GB, Free DOS, 83EM000PKR","760,000",5.0,24
"레노버 아이디어패드 슬림 3 14IAH8 코어i5 인텔 12세대, ARCTIC GREY, 256GB, 16GB, WIN11 Home, 83EQ002QKR","769,000",4.5,67
"레노버 2024 씽크북 16IML G7 ULT5 코어Ultra5, Arctic Grey, 512GB, 16GB, Free DOS, 21MS0071KR","999,000",5.0,3
"에이수스 2024 비보북 17 코어i5 인텔 13세대, 콰이어트 블루, 512GB, 8GB, Free DOS, X1704VA-AU316","694,000",5.0,6
"레노버 2024 아이디어패드 프로 5 16AHP9 라이젠7 라이젠 8000 시리즈 지포스 RTX 4050, Arctic Grey, 1TB, 32GB, Free DOS, IdeaPad PRO5 16AHP9","1,686,810",5.0,1
"홈플래닛 와이드형 메탈 쿨링홀 노트북 거치대(높이 각도 조절), 라이트 실버","22,790",5.0,17442
"LG전자 그램 15 코어 울트라5 인텔 Arc, 15Z90S-GA5PK, WIN11 Home, 16GB, 256GB, 에센스 화이트","1,590,000",5.0,127
"레노버 2023 아이디어패드 슬림 3 15ABR8 15.6 라이젠5 라이젠 7000 시리즈, ARCTIC GREY, 256GB, 16GB, WIN11 Home, 82XM0039KR","663,000",5.0,387
"HP 2023 오멘 16 라이젠7 라이젠 7000 시리즈 지포스 RTX 4060, 쉐도우 블랙, 512GB, 16GB, WIN11 Home, 16-xf0052AX","1,849,890",5.0,481
"레노버 USB C타입 65W 노트북 충전기 어댑터, 1개, GX20P92522","29,900",4.5,4
"LG 2023 울트라PC 엣지 16 라이젠5 라이젠 7000 시리즈, 차콜 그레이, 256GB, 16GB, WIN11 Home, 16U70R-HA56K","1,178,000",4.5,307
"[새상품] LG 그램 17인치 노트북 17ZB90R 13세대 i7 16G 512G, 17ZB90R-K.AAC7U1, WIN11 Home, 16GB, 512GB, 블랙","1,399,000",5.0,5
레노버 아이디어패드 Slim1-15ALC R5 WIN11(설치) 16GB램 (SSD 500GB),"487,000",5.0,5
"HP 2023 노트북 14 라이젠5 라이젠 7000 시리즈, Natural Silver, 512GB, 16GB, Free DOS, 14-em0070AU","588,580",4.5,27
"LG전자 2023 울트라 PC 엣지 16 라이젠5 라이젠 7000 시리즈, 차콜 그레이, 256GB, 16GB, WIN11 Home, 16U70R-GA5HK","1,025,000",5.0,2
"LG전자 그램 Pro 16 코어 울트라5 RTX3050, 옵시디안 블랙, 512GB, 16GB, WIN11 Home, 16Z90SP-EA5BK","2,320,000",5.0,64
"MSI 2023 GF63 씬 12VE 15.6 코어i5 인텔 12세대 지포스 RTX 4050, 블랙, 512GB, 8GB, Free DOS, MS-16R1","1,099,000",5.0,216
"레노버 2024 아이디어패드 슬림 5 16IMH OLED 코어Ultra7 인텔 14세대, 클라우드 그레이, 1TB, 32GB, Free DOS, 83DC002TKR","1,239,000",5.0,8
"레노버 2024 아이디어패드 슬림 5 16IMH 코어Ultra5 인텔 14세대, Cloud Grey, 512GB, 16GB, Free DOS, 83DC002VKR","1,039,000",5.0,3
"레노버 2024 LOQ 15ARP9 라이젠7 라이젠 7000 시리즈 지포스 RTX 4060, Luna Grey, 512GB, 12GB, Free DOS, 83JC003GKR","1,369,000",5.0,2
"MSI 2023 GF63 씬 15.6 코어i5 인텔 12세대 지포스 RTX 2050, 블랙, 512GB, 8GB, Free DOS, Thin GF63 12UCX-i5 (636XKR)","805,510",5.0,25
"에이수스 2023 젠북 15 라이젠5 라이젠 7000 시리즈, 폰더 블루, 512GB, 16GB, Free DOS, UM3504DA-BN144","865,190",5.0,35
"MSI BRAVO 17 D7VF [이벤트 한정특가 / 사은품증정], WIN11 Pro, 32GB, 1TB, 라이젠7, 블랙","1,459,000",5.0,4
"에이수스 2024 ROG 스트릭스 G16 코어i9 인텔 13세대 지포스 RTX 4060, Eclipse Gray, 1TB, 16GB, Free DOS, G614JV-N4117","1,999,000",5.0,43
"레노버 2022 씽크북 16 G4+ IAP 16 코어i7 인텔 12세대, Arctic grey, 512GB, 16GB, Free DOS, 21CY005HKR","1,148,000",5.0,19
"HP 2024 노트북 14 라이젠5 라이젠 7000 시리즈, Natural Silver, 512GB, 16GB, Free DOS, 14-em0128AU","629,000",4.5,3
"레노버 2023 V15 G4 IRU, Iron Gray, 256GB, 16GB, Free DOS, 83A10000KR","491,580",4.0,2
"Apple 2022 맥북 에어 13 M2, 스페이스그레이, M2 8코어, GPU 8코어, 256GB, 8GB, 30W, 한글, MLXW3KH/A","1,223,200",5.0,5517
"HP 2024 오멘 16 코어i5 인텔 13세대 지포스 RTX 4060, Shadow Black, 512GB, 32GB, WIN11 Home, 16-wf0186TX","1,749,000",4.0,24
"LENOVO LOQ 15IRX9 i7 4060 CP, 83DV00DEKR, Free DOS, 32GB, 1TB, 그레이","1,649,000",5.0,3
"HP 2024 오멘 16 코어i5 인텔 13세대 지포스 RTX 4060, Shadow Black, 1024GB, 32GB, WIN11 Home, 16-wf0186TX","1,814,900",4.0,24
"LG전자 2024 그램 프로 360 16 코어Ultra7, 옵시디안블랙, 1TB, 32GB, WIN11 Home, 16T90SP-KD7BK","2,849,000",,0
"레노버 2024 아이디어패드 슬림 5 라이트 14ABR8 라이젠5 라이젠 7000 시리즈, CLOUD GREY, 512GB, 16GB, Free DOS, 82XS003QKR","899,000",5.0,1
"HP 2024 파빌리온 에어로 13 라이젠7 라이젠 7000 시리즈, 화이트, 1TB, 16GB, Free DOS, 13-be2126AU","1,094,880",5.0,5
"레노버 2024 아이디어패드 프로 5 16AHP9 라이젠7 라이젠 8000 시리즈 지포스 RTX 4050, Arctic Grey, 1TB, 32GB, Free DOS, IdeaPad PRO5 16 AHP9","1,769,000",5.0,2
"LG전자 그램 Pro 16 코어 울트라7 RTX3050, 옵시디안 블랙, 512GB, 32GB, WIN11 Home, 16Z90SP-ED7BK","2,740,000",5.0,70
"HP 2022 노트북 17s 코어i5 인텔 12세대, 네추럴 실버, 512GB, 16GB, WIN11 Home, 17s-cu2032TU","819,190",4.5,25
"ipTIME 무선랜카드 A3000U, 단일","22,820",5.0,5926
"레노버 2023 아이디어패드 슬림 3 16ABR8 16 라이젠5 라이젠 7000 시리즈, Arctic Grey (82XR), 256GB, 16GB, WIN11 Home, 82XR000HKR","912,760",5.0,243
"레노버 2024 아이디어패드 5i 프로 14IMH 코어Ultra7, Arctic Grey, 1TB, 32GB, WIN11 Home, 83D2001DKR","1,529,000",4.5,21
"삼성전자 갤럭시북4 프로 NT940XGK-K71AR 14인치(35 6cm) 인텔 Ultra 7 터치스크린 서울/경기 퀵서비스 지원, WIN11 Home, 32GB, 512GB, 문스톤 그레이","1,799,000",5.0,10
"삼성전자 갤럭시북4 프로 NT960XGK-K71A 16인치 인텔 울트라7 영상편집 사무용 코딩용 대학생 고사양 120Hz 터치스크린 윈도우11 노트북, WIN11 Home, 16GB, 512GB, 문스톤 그레이","1,889,000",5.0,489
"The Notebook, Grand Central Pub","7,270",4.5,8
"삼성전자 갤럭시북4 15.6 코어I5 13세대 한컴오피스팩 및 무선마우스, R-A51AS, Linux, 16GB, 256GB, 실버","749,000",5.0,353
"HP 2024 빅터스 15 라이젠5 라이젠 8000 시리즈 지포스 RTX 4050, Mica Silver, 512GB, 16GB, WIN11 Home, 15-fb2033AX","1,358,950",5.0,6
"레노버 2023 아이디어패드 슬림 3 15ABR8 15.6 라이젠7 라이젠 7000 시리즈, ARCTIC GREY, 256GB, 16GB, WIN11 Home, 82XM0036KR","872,760",5.0,141
"레노버 2024 씽크북 16IML G7 ULT5 코어Ultra5, Arctic Grey, 1TB, 32GB, Free DOS, 21MS006WKR","1,053,490",5.0,3
"삼성전자 갤럭시북Go NT345XPA-K14AS 윈도우탑재 태블릿 휴대용 가성비 학생용 문서작성 셀룰러 데이터공유 LTE USIM, WIN11 Home, 4GB, 128GB, 실버","399,000",5.0,19
"에이수스 2024 젠북 14 OLED 코어울트라, 포기 실버, 512GB, 16GB, WIN11 Home, UX3405MA-QD441W","1,199,000",5.0,12
"베이직스 2022 베이직북 14 3세대 셀러론, White, 256GB, 8GB, WIN11 Pro, BB1422SS","382,080",4.5,2071
"카라스인터내셔널 삼성 NT551EBE용 클린 키스킨, 1개","6,090",5.0,22
"베이직스 2023 베이직북 14 프로 코어i5 인텔 10세대, White, 256GB, 8GB, WIN11 Home, BP1423FW","564,480",4.0,144
"LG 울트라 PC 15.6인치 7세대 SSD장착 윈도우11 프로, 15UB470, WIN11 Pro, 8GB, 128GB","319,000",5.0,2
LG전자 그램 FHD 14인치 14ZB995 코어i5 10세대-10210U 램24GB NVMe 1TB 윈도우10,"699,000",,0
"레노버 2024 아이디어패드 5i 프로 14IMH 코어Ultra7, Arctic Grey, 2TB, 32GB, Free DOS, 83D2001DKR","1,448,460",4.5,21
"HP 2024 빅터스 16 라이젠7 라이젠 8000 시리즈 지포스 RTX 4060, Mica Silver, 512GB, 16GB, Free DOS, 16-s1037AX","1,535,040",5.0,25
"LG전자 2023 그램 990 15 코어i5 인텔 13세대, 스노우 화이트, 256GB, 16GB, WIN11 Home, 15Z90RT-GAOWK","1,765,000",5.0,358
"베이직스 2023 베이직북S 10.1 셀러론, White, 128GB, 8GB, WIN11 Pro, BB1022FW","397,000",4.5,373
"ipTIME 기가비트 랜카드, U1000C plus, 1개","17,320",4.5,227
"LG그램 16인치 i7 13세대 RTX3050 32GB 1TB WIN11 게이밍 블랙 16Z90R, 16Z90R-A.ADC8U1, WIN11 Home, 3TB","2,048,000",,0
"카라스 LG 15Z980/15ZD980 시리즈용 클린스킨, 1개","6,600",4.5,55
"에이수스 2023 비보북 S 15 OLED 코어i9 인텔 13세대 아크 A350M, 크림 화이트, 512GB, 16GB, WIN11 Home, K5504VN-MA112W","1,101,720",5.0,7
"HP 빅터스 15-fb2061AX - 최신형 고사양 게이밍 노트북 [리뷰작성 시 마우스 증정], WIN11 Home, 32GB, 1TB, 다크실버","1,339,000",5.0,3
"큐데스크 메탈 노트북 거치대, 블랙","26,000",5.0,5
"MSI 2023 CYBORG 15 15.6 코어i5 인텔 12세대 지포스 RTX 4060, 블랙, 512GB, 16GB, Free DOS, A12VF-090XKR","1,179,000",5.0,28
"LG전자 2023 그램15 코어i5 인텔 13세대, 스노우 화이트, 256GB, 16GB, WIN11 Home, 15Z90RU-GAOWK","1,550,000",5.0,953
한국미디어시스템 삼성전자 AD-4519AKR 정품 어댑터 W16-045N4D W045R063L,"35,830",4.5,240
"삼성 15인치 FHD 사무용 인강용 인텔 8세대 SSD장착 노트북 NT551EBE, WIN10 Pro, 16GB, 256GB, 코어i5, 블랙","429,000",4.5,24
"삼성 칩 노트북 램16기가 DDR4 16GB PC4-19200 2400MHz RAM 메모리 새상품, DDR4 노트북 16기가램 PC4-19200","36,800",4.5,89
"LG그램 16인치 17인치 11세대 인텔 i7 Win11 360도 터치스크린 터치펜포함 RAM 16GB NVMe 512GB 16:10 블랙 16T90P-K.AAE7U1, 1TB, 32GB, WIN11 Home","1,599,000",5.0,162
"삼성전자 중고노트북 삼성노트북 NT501R5A 상태좋은 최강 중고노트북, WIN11 Pro, 8GB, 256GB, 코어i5 6200U, BLACK","329,000",4.0,16
"레노버 2024 요가 슬림 7 14IMH9 코어Ultra7 인텔 14세대, 83CV0021KR, WIN11 Home, 32GB, 1TB, Luna Grey","1,569,000",5.0,4
"에이수스 2022 젠북 14X 라이젠9 라이젠 6000 시리즈, 제이드 블랙, 512GB, 16GB, WIN11 Home, UM5401R","1,198,000",5.0,20
"LG 2023 울트라PC 15UD40R-GX56K, WIN11 Pro, 32GB, 1TB, 라이젠5, 화이트","896,000",5.0,3
"델 2023 인스피론 14 5435 라이젠7 라이젠 7000 시리즈, 플래티넘 실버, 512GB, 16GB, WIN11 Home, DN5435-WH02KR","875,350",5.0,3
"삼성전자 갤럭시북2 프로360 삼성노트북 업무용 재택근무 대학생노트북 고사양노트북 유튜브 영상편집 인강용, NT950QED-KC71G, WIN11 Home, 32GB, 1TB, 코어i7, 버건디","1,699,000",5.0,206
"HP 2024 엔비 x360 14 2in1 라이젠7 라이젠 8000 시리즈, 14-fa0040AU, WIN11 Home, 32GB, 1TB, 글레이셔 실버","1,583,400",5.0,7
"삼성전자 갤럭시북4 15.6 코어I5 13세대 한컴오피스팩 및 무선마우스, R-A51AG, WIN11 Pro, 16GB, 512GB, 그레이","1,049,000",5.0,353
"다이아큐브 엘지 (LG) 무반사 노트북 블루라이트차단 필름, 1개","21,200",4.5,176
"삼성전자 갤럭시북4 프로360 NT960QGK-K71AR 인텔 코어 울트라 7 삼성노트북 고해상도 AI 노트북 사무용 노트북 대학생 노트북 2in1 노트북 S펜 포함, WIN11 Home, 32GB, 1TB, 문스톤그레이","2,199,000",5.0,142
"레노버 2024 아이디어패드 프로 5 16AHP9 라이젠7 라이젠 8000 시리즈 지포스 RTX 3050, Arctic Grey, 512GB, 16GB, Free DOS, 83D50009KR","1,419,000",5.0,1
"삼성전자 NT761XDA-K1 /C 인텔 코어I7 11세대 15.6인치 사무용 노트북 가성비노트북, NT761XDA-K19/C, WIN11 Home, 16GB, 256GB, 미스틱블랙","989,000",5.0,17
"레노버 IdeaPad Slim1-15ALC7 + WIN11 사무용 인강용 노트북 R5-5500U, 레노버 아이디어패드 Slim1-15ALC7, WIN11 Home, 8GB, 256GB, Cloud Gray","482,000",4.5,3
"에이수스 2023 비보북 S 15 OLED 코어i9 인텔 13세대 아크 A350M, 쿨 실버, 512GB, 16GB, WIN11 Home, K5504VN-MA113W","1,101,720",5.0,7
"HP 15s 라이젠7 가성비 노트북 프리도스, Free DOS, 16GB, 512GB, 실버","549,000",5.0,3
"HP 2023 파빌리온 플러스 14 코어i5 인텔 13세대, 내추럴 실버, 512GB, 16GB, WIN11 Home, 14-ew0018TU","1,098,950",5.0,25
"DELL 노트북 XPS 13 DX9320 정품 어댑터 65W USB C타입 PD 충전기 LA65NM190, 델 65W C타입 + 3구 케이블","34,280",4.5,29
"에이수스 2024 비보북 프로 15 OLED 코어Ultra7 인텔 14세대 지포스 RTX 4050, N6506MU-MA001, Free DOS, 16GB, 1TB, Earl Grey","1,699,000",4.5,3
"에이수스 2023 비보북 16 라이젠5 라이젠 7000 시리즈, Cool Silver, 512GB, 8GB, Free DOS, M1605YA-MB299","582,990",5.0,19
"삼성전자 갤럭시북4 프로 14인치 인텔 코어 울트라5 최신형 사무용 가벼운 터치 노트북, WIN11 Home, 16GB, 1TB, 플래티넘 실버","1,599,000",5.0,124
"인트존 투톤 지퍼 노트북 파우치 INTC-215X, 스모키 블랙","14,000",4.5,1091
"기가바이트 2024 어로스 16X 코어i7 인텔 14세대 지포스 RTX 4060, 블랙, 1TB, 16GB, Free DOS, AORUS 16X AKG-53KR","1,998,000",5.0,9
"에이수스 2024 젠북 14 코어 울트라7, 폰더 블루, 512GB, 16GB, WIN11 Home, UX3405MA-PP208W","1,449,000",5.0,51
"실리스킨 HP 15s-fq1075TU 키스킨, 1개","6,700",4.5,105
"레노버 2024 LOQ 15IRX 코어i7 인텔 14세대 지포스 RTX 4060, Luna Grey, 512GB, 16GB, WIN11 Home, 83DV0032KR","1,799,000",4.5,49
"HP 2023 빅터스 15 코어i5 인텔 13세대 지포스 RTX 4050, Mica Silver, 512GB, 16GB, WIN11 Home, 15-fa1014TX","1,230,160",5.0,142
"에이수스 2024 TUF 게이밍 A16 라이젠9 라이젠 7000 시리즈 지포스 RTX 4070, Mecha Gray, 2TB, 32GB, Free DOS, FA607PI-QT037","1,967,640",4.5,33
"레노버 IdeaPad Slim3 15IAU7 15.6 코어i5 인텔 12세대, Blue, 256GB, 8GB, Free DOS","649,000",5.0,102
"HP 2024 엔비 x360 16 코어Ultra7, Glacier Silver, 1TB, 32GB, WIN11 Home, 16-ac0020TU","1,830,670",4.0,4
"MSI 2023 펄스 17 코어i9 인텔 13세대 지포스 RTX 4070, 티타늄 그레이, 512GB, 16GB, Free DOS, PULSE 17 B13VGK-i9 QHD","1,938,290",5.0,98
"LG전자 그램 Pro 17 코어 울트라7 RTX3050, 옵시디안 블랙, 512GB, 32GB, WIN11 Home, 17Z90SP-ED7BK","2,699,010",5.0,52
"HP 2023 빅터스 15 코어i5 인텔 13세대 지포스 RTX 4050, Mica Silver, 512GB, 16GB, Free DOS, 15-fa1014TX","1,208,090",5.0,142
"노트북, 모모, 니콜라스 스파크스","13,500",5.0,1
"레노버 2024 요가 슬림 7 14IMH9 코어Ultra7 인텔 14세대, Luna Grey, 1TB, 16GB, Free DOS, 83CV0037KR","1,269,000",5.0,4
"가온픽 노트북받침대 접이식 노트북 거치대, 블랙","8,800",5.0,133
"에이서 2023 스위프트 고 14 OLED, SFG14-42-R16Z, Free DOS, 16GB, 512GB, 실버","999,130",5.5,2
"HP 2023 노트북 470 G10 17.3 코어i7 인텔 13세대, 실버, 512GB, 16GB, WIN11 Pro, G10-9S6P9PT","1,215,190",4.0,1
"FLIPBOOK 35.81cm FHD IPS DEX 미러링 2in1 덱스 노트북 모니터, FDZ_FLIPBOOK-14BK","349,000",4.5,66
"삼성전자 갤럭시북 15.6 재택근무 학습용 노트북 한컴오피스팩 및 국내 정품 윈도우 패키지 동봉, R-A51AS, WIN11 Home, 16GB, 500GB, 실버","999,000",5.0,2244
"A급중고/삼성/LG/HP I5 I7 리퍼 중고노트북 리퍼노트북 게이밍노트북 기본SSD장착 WIN10, LG 15U560, WIN10 Pro, 8GB, 128GB, 코어i5, 화이트","299,000",4.0,72
"중고노트북 레노버 ThinkPad E15 인텔 10세대 i5-10210U 16GB 512GB, WIN11 Pro, 1TB, 블랙","606,990",5.0,2
"레노버 노트북 충전기 20V 2.25A 45W 연결잭 사각 USB 타입 슬림팁, ADLX45DLC3A","21,900",4.5,50
"HP 2024 빅터스 15 코어i7 인텔 13세대 지포스 RTX 4060, Mica Silver, 512GB, 16GB, Free DOS, 15-fa1236TX","1,549,000",5.0,6
"애니클리어 노트북 USB포트 잠금장치, PDB-L7","14,700",4.5,53
"삼성전자 갤럭시북 15.6 재택근무 학습용 노트북 한컴오피스팩 및 국내 정품 윈도우 패키지 동봉, NT550-I5, WIN11 Home, 16GB, 1000GB, 코어i5, 실버","999,000",5.0,2244
"에이수스 2024 비보북 S 16 코어Ultra7 인텔 14세대, Neutral Black, 1TB, 16GB, Free DOS, S5606MA-MX090","1,399,000",5.0,2
"에이수스 비보북 S 15 OLED 코어i5 인텔 13세대 아크 A350M, 쿨 실버, 512GB, 16GB, WIN11 Home, K5504VN-MA075W","949,000",5.0,7
"HP 2024 빅터스 15 코어i5 인텔 13세대 지포스 RTX 4060, Mica Silver, 512GB, 16GB, Free DOS, 15-fa1235TX","1,318,000",4.5,21
"레노버 2023 V15 G4 코어i5 인텔 13세대, Iron Gray, 256GB, 16GB, Win11 HOME, 83A10001KR","799,300",5.0,53
"삼성전자 갤럭시북4 울트라 16인치 인텔 울트라9 지포스 RTX4070 그래픽작업 및 산업디자인 추천 노트북 게이밍 노트북 서울/경기 퀵서비스 발송, L-X94AG, WIN11 Home, 64GB, 4TB, 문스톤 그레이","4,549,000",5.0,14
"레노버 2024 요가북 9i 13IMU9 코어Ultra7 인텔 14세대, Tidal Teal, 1TB, 32GB, WIN11 Pro, 83FF000LKR","2,998,660",4.5,6
"삼성전자 갤럭시북 프로 14 인텔 코어 울트라7 사무용 업무용 고사양 대학생 가벼운 초경량 AI OLED 노트북, 갤럭시북4 프로, WIN11 Home, 16GB, 1TB, 문스톤 그레이","1,699,000",5.0,18
레노버 T14s Gen1 i5 10세대 16GB NVMe 512GB FHD IPS 광시야각 14인치,"477,000",4.5,3
"삼성전자 갤럭시북Go NT345XPA-K14AS 윈도우탑재 태블릿 휴대용 가성비 학생용 문서작성 셀룰러 데이터공유 LTE USIM, WIN11 Home, 4GB, 128GB, 실버","399,000",5.0,19
"아이뮤즈 스톰북 노트북 N4020 14 셀러론, White, 192GB, 4GB, WIN11 Home, StormBooK14","245,100",4.0,23
"베이직스 2023 베이직북 14 프로 코어i5 인텔 10세대, White, 256GB, 8GB, WIN11 Home, BP1423FW","564,480",4.0,144
"에이수스 2023 TUF 게이밍 F17 코어i9 인텔 13세대 지포스 RTX 4060, Mecha Gray, 512GB, 16GB, Free DOS, FX707VV4-LL017","1,898,430",5.0,149
"에이수스 2024 비보북 S 15 라이젠7 라이젠 8000 시리즈, 뉴트럴 블랙, 512GB, 16GB, Free DOS, M5506UA-MA012","1,099,000",5.0,6
"레노버 2023 요가 슬림 7i 카본 13IRP8 13.3 코어i5 인텔 13세대, 문화이트, 512GB, 16GB, WIN11 Home, 83AY002LKR","999,000",5.0,8
LG전자 그램 FHD 14인치 14ZB995 코어i5 10세대-10210U 램24GB NVMe 1TB 윈도우10,"699,000",,0
"레노버 2023 V14 G4 라이젠5 라이젠 7000 시리즈, ARCTIC GREY, 256GB, 8GB, Free DOS, 82YT000DKR","548,980",5.0,8
"LG그램 16인치 i7 13세대 RTX3050 32GB 1TB WIN11 게이밍 블랙 16Z90R, 16Z90R-A.ADC8U1, WIN11 Home, 3TB","2,048,000",,0
"삼성전자 갤럭시북4 15.6 코어I5 13세대 한컴오피스팩 및 무선마우스, R-A58AG, WIN11 Home, 8GB, 512GB, 그레이","1,078,000",5.0,353
"레노버 2022 아이디어패드 슬림 3 17ABA7 17.3 라이젠5 라이젠 5000 시리즈, Arctic Grey, 512GB, 24GB, Free DOS, 82RQ004LKR","869,000",5.0,237
"삼성전자 2023 갤럭시북3 360 15.6 코어i5 인텔 13세대 Iris Xe, 미스틱 실버, 1TB, 16GB, WIN11 Home, NT750QFT-A51A","1,499,000",5.0,411
"LG 노트북 2020년형 그램 14ZB995 가벼운 그램노트북 인텔 i5 10세대 DDR4 초고속 M.2 SSD 장착 윈도우10 프로, WIN10, 16GB, 512GB, 코어i5, 스노우 화이트","699,000",5.0,11
"HP 2024 빅터스 16 라이젠7 라이젠 8000 시리즈 지포스 RTX 4060, Mica Silver, 512GB, 16GB, Free DOS, 16-s1065AX","1,631,040",5.0,25
"델 2024 게이밍 G15 5530 코어i5 인텔 13세대 지포스 RTX 3050, 다크 섀도우 그레이, 512GB, 16GB, Linux, DG5530-UB01KR","1,182,000",5.0,8
"HP 2023 노트북 255 G10 15.6 라이젠5 라이젠 7000 시리즈, 실버, 512GB, 16GB, WIN11 Pro, G10-9F186PT","729,000",,0
"삼성 15인치 FHD 사무용 인강용 인텔 8세대 SSD장착 노트북 NT551EBE, WIN10 Pro, 16GB, 256GB, 코어i5, 블랙","429,000",4.5,24
"다이아큐브 삼성 노트북 저반사 지문방지 프리미엄 블루라이트차단 필름, 1개","21,200",4.5,147
"삼성전자 중고노트북 삼성노트북 NT501R5A 상태좋은 최강 중고노트북, WIN11 Pro, 8GB, 256GB, 코어i5 6200U, BLACK","329,000",4.0,16
"LG전자 그램 17 인텔 13세대 i7 16GB 32GB 512GB 1TB 2TB WIN11 Home 터치스크린 블랙, 17Z90R-H.ADC8U1 터치스크린","1,899,000",,0
"HP 2024 노트북 15 코어i5 인텔 14세대, Ceramic White, 512GB, 16GB, Free DOS, 15-fd1026TU","799,000",4.0,7
"레노버 2024 요가 프로 7 14IMH9 코어Ultra9 인텔 14세대 지포스 RTX 4060, Luna Grey, 1TB, 32GB, Free DOS, 83E2002FKR","2,299,000",5.0,1
"LG 그램 14Z960 14ZB970 I5-6200U/8G/SSD512 슬림한 노트북 무게 980g, WIN10 Home, 8GB, 512GB, 코어i5, 화이트",,4.5,34
"ACER 니트로 V 16 ANV16-41-R584 - 최신형 고사양 노트북, WIN11 Home, 32GB, 1TB, 블랙","1,259,000",5.0,1
"HP EliteBook 840-G6 I5-8365U/16G/SSD256G/UHD620/14인치 FHD/WIN10, 실버, 코어i5, 256GB, 16GB, WIN10","349,000",4.0,16
"HP 2024 노트북 17 코어i5 인텔 13세대, Natural Silver, 512GB, 16GB, WIN11 Home, 17-cn3036TU Super","898,980",5.0,3
"레노버 2022 V15 G3 IAP 15.6 코어i3 인텔 12세대, Iron Gray, 256GB, 8GB, Free DOS, 82TT007PKR","483,000",5.0,68
"HP 2023 파빌리온 에어로 13 라이젠5 라이젠 7000 시리즈, 세라믹 화이트, 512GB, 16GB, WIN11 Home, 13-be2111AU","1,099,000",5.0,62
"에이수스 2024 TUF 게이밍 A15 라이젠7 라이젠 8000 시리즈 지포스 RTX 4060, Mecha Gray, 1024GB, 32GB, Win11 Home, FA507UV-HQ095","1,647,370",4.5,77
"HP 15 노트북 코어i5 인텔 13세대, 실버, 512GB, 16GB, WIN11 Home, 15-FD0097TU","1,079,000",4.5,1009
"A급중고/삼성/LG/HP I5 I7 리퍼 중고노트북 리퍼노트북 게이밍노트북 기본SSD장착 WIN10, NT501R5L, 4GB, 128GB, 블랙","179,000",4.0,72
"레노버 2022 씽크북 13s G4 IAP 코어i7 인텔 12세대, 미네랄 그레이, 512GB, 16GB, WIN11 Home, 21AR0014KR","1,249,000",5.0,1
"[구즈파크] 맥북 삼성 이온 엘지 그램 노트북 파우치 가방 13 15 15.6, 그레이","11,500",5.0,2876
"이킵먼트 노트북 하이라이저 높이조절 스탠드 거치대, Silver","32,900",5.0,901
"MSI 2024 스워드 GF66 라이젠7 라이젠 8000 시리즈 지포스 RTX4060, 블랙, 512GB, 16GB, Free DOS, Sword GF66 A AI B8VF-R7 (405)","1,279,000",5.0,4
"레노버 2024 씽크북 14IML G7 ULT5 코어Ultra5, Arctic Grey, 512GB, 32GB, Free DOS, 21MR006CKR","1,114,510",5.0,2
"마이크론 Crucial 노트북 DDR4-3200 CL22, 8GB","26,200",5.0,3
"이킵먼트 노트북 수직거치대 EKMT-VS2, Grey","18,980",5.0,537
"LG전자 그램 Pro 360 16 코어 울트라5 인텔 Arc, 에센스 화이트, 256GB, 16GB, WIN11 Home, 16T90SP-KA5CK","2,220,000",5.0,65
"에이수스 2023 TUF 게이밍 F17 코어i9 인텔 13세대 지포스 RTX 4060, Mecha Gray, 512GB, 16GB, WIN11 Home, FX707VV4-LL017","1,947,920",5.0,149
"HP 2023 오멘 16 Slim 코어i7 인텔 13세대 지포스 RTX 4060, 세라믹 화이트, 1TB, 32GB, WIN11 Home, 16-u0038TX","2,299,000",5.0,142
"레노버 리전 프로 5i 16IRX 16 코어i9 인텔 13세대 지포스 RTX 4060, ONYX GREY, 1TB, 64GB, WIN11 Home, 82WK007TKR","2,459,000",5.0,64
"삼성전자 갤럭시북4 프로 NT940XGQ-A51A 14인치(35 5cm) 인텔 Ultra 5 터치스크린 서울/경기 퀵서비스 지원, 문스톤 그레이, NT940XGQ-A51AG, 256GB, 16GB, WIN11 Home","1,549,000",5.0,10
"MSI Sword GF76 17.3 코어i7 인텔 13세대 지포스 RTX 4060, 블랙, 2TB, 32GB, Free DOS","1,699,000",5.0,125
"레노버 2024 아이디어패드 프로 5 16AHP9 라이젠7 라이젠 8000 시리즈 지포스 RTX 4050, Arctic Grey, 512GB, 32GB, Free DOS, IdeaPad PRO5 16AHP9","1,620,910",5.0,1
"MSI 2023 스워드 GF76 17.3 코어i7 인텔 12세대 지포스 RTX 3050, 블랙, 512GB, 16GB, Free DOS, GF76 B12UDXK (890)","1,216,660",5.0,30
"HP 2023 파빌리온 에어로 13 라이젠7 라이젠 7000 시리즈, 페일 로즈 골드, 512GB, 16GB, WIN11 Home Plus, 13-be2084AU","1,179,000",5.0,35
"HP Pro Book 450 G4 i5-7200U Intel 7세대 가성비 좋은 전문가용 노트북, ProBook 450 G4, WIN11 Pro, 16GB, 256GB, 코어i5 7200U, HDD 500GB","397,000",5.0,1
"LG 2021 울트라PC 15 라이젠7 라이젠 5000 시리즈, 화이트, 256GB, 16GB, WIN11 Home, 15U40Q-GA7CK","1,092,080",5.0,82
"맥북 에어 / 프로 파우치, 그레이","7,930",5.0,1894
"HP 2024 노트북 17s 코어i7 인텔 12세대, 네추럴 실버, 256GB, 16GB, Free DOS, 17s-cu2022TU","799,000",,0
"삼성전자 2023 삼성 갤럭시북3 360 15.6 코어i5 인텔 13세대 Iris Xe, 미스틱 실버, 256GB, 16GB, WIN11 Home, NT750QFT-A51A","1,349,000",5.0,571
"레노버 2023 아이디어패드 슬림 3 16ABR8 16 라이젠7 라이젠 7000 시리즈, Arctic Grey (82XR), 256GB, 16GB, Free DOS","790,400",5.0,35
"모가비 ANYCOOL 1 6펜 프리미엄 노트북 쿨러 받침대 AC-001, 블랙","19,800",4.5,321
"베이직스 2023 베이직북 14 프로 코어i5 인텔 10세대, White, 256GB, 8GB, WIN11 Home, BP1423FW","564,480",4.0,144
게일 노트북 DDR4-3200 CL22 램 16GB,"42,500",5.0,39
"MSI 브라보 17 라이젠7 라이젠 7000 시리즈 지포스 RTX 4060, 블랙, 1TB, 16GB, Free DOS, D7VF","1,299,000",4.5,87
"LG전자 2023 그램 990 15 코어i5 인텔 13세대, 넵튠 블루, 256GB, 16GB, WIN11 Home, 15Z90RT-GAOBK","1,441,970",5.0,358
"Apple 2024 맥북 에어 15 M3, 실버, M3 8코어, 10코어 GPU, 512GB, 8GB, 35W 듀얼, 한글","1,948,400",5.0,126
"MSI 2024 모던 15 코어Ultra7 인텔 14세대, 블랙, 512GB, 16GB, Free DOS, Modern 15 H AI C1MG-U7","999,000",,0
"무선마우스 증정 LG전자 울트라PC GX5DK GX56K 15인치 노트북, 화이트, 라이젠5, 2TB, 32GB, WIN11 Home","1,069,000",5.0,34
"HP 2023 빅터스 15 코어i5 인텔 13세대 지포스 RTX 4050, Ceramic White, 512GB, 16GB, Free DOS, 15-fa1015TX","1,178,470",5.0,142
"HP 2023 오멘 16 코어i5 인텔 13세대 지포스 RTX 4060, Shadow Black, 1024GB, 32GB, WIN11 Home, 16-wf0156tx","2,047,150",4.5,334
"삼성전자 갤럭시북4 프로 NT960XGK-K71A 16인치 인텔 울트라7 영상편집 사무용 코딩용 대학생 고사양 120Hz 터치스크린 윈도우11 노트북, WIN11 Home, 16GB, 1TB, 문스톤 그레이","1,989,000",5.0,489
"HP 2023 오멘 16 라이젠7 라이젠 7000 시리즈 지포스 RTX 4060, 쉐도우 블랙, 1TB, 32GB, WIN11 Home, 16-xf0038AX","1,989,090",5.0,481
"솔탑 19V 3.42A 노트북용 어댑터 + 10종 젠더, SOLTOP-163","20,000",4.5,107
"레노버 2024 아이디어패드 슬림 5 15IRU 코어5 인텔 14세대, Cloud Grey, 512GB, 16GB, Free DOS, 83D00005KR","899,000",5.0,1
"삼성전자 갤럭시북4 15.6 코어I5 13세대 한컴오피스팩 및 무선마우스, R-A51AG, WIN11 Pro, 16GB, 1TB, 그레이","1,099,000",5.0,353
"삼성전자 갤럭시북4 프로 14인치 인텔 코어 울트라5 최신형 사무용 가벼운 터치 노트북, WIN11 Home, 16GB, 512GB, 플래티넘 실버","1,549,000",5.0,124
"레노버 2023 아이디어패드 슬림 3 16ABR8 16 라이젠7 라이젠 7000 시리즈, Arctic Grey, 1TB, 16GB, Free DOS","1,008,000",5.0,35
"삼성전자 갤럭시북4 프로 NT960XGK-K71A 16인치 인텔 울트라7 영상편집 사무용 코딩용 대학생 고사양 120Hz 터치스크린 윈도우11 노트북, WIN11 Home, 32GB, 1TB, 문스톤 그레이","2,189,000",5.0,489
"레노버 2024 아이디어패드 프로 5 16AHP9 라이젠7 라이젠 8000 시리즈 지포스 RTX 3050, Arctic Grey, 512GB, 16GB, WIN11 Home, IdeaPad PRO5 16AHP9","1,589,000",5.0,2
"HP 2024 자비스 AI 노트북 15 코어Ultra5 인텔 14세대, Natural Silver, 512GB, 16GB, WIN11 Home, 15-fd1029TU","998,990",4.5,48
"레노버 2024 아이디어패드 프로 5i 16IMH 코어Ultra9 지포스 RTX 4050, Arctic Grey, 1TB, 32GB, Free DOS, 83D4002GKR","1,958,990",4.5,2
"삼성전자 2023 삼성 갤럭시북3 360 15.6 코어i5 인텔 13세대 Iris Xe, 미스틱 실버, 512GB, 16GB, WIN11 Home, NT750QFT-A51A","1,399,000",5.0,571
"Apple 2023 맥북 프로 14 M3, 실버, M3 8코어, 10코어 GPU, 512GB, 8GB, 한글","2,198,800",5.0,792
"레노버 2024 LOQ 15AHP9 라이젠5 라이젠 8000 시리즈 지포스 RTX 4050, Luna Grey, 512GB, 16GB, Free DOS, 83DX004NKR","1,499,000",5.0,2
"에이수스 2024 비보북 15 코어i5 인텔 13세대, 콰이어트 블루, 512GB, 16GB, Free DOS, X1502VA-BQ326","779,000",5.0,2
"HP 2023 오멘 16 라이젠7 라이젠 7000 시리즈 지포스 RTX 4060, 쉐도우 블랙, 512GB, 16GB, WIN11 Home, 16-xf0052AX","1,849,890",5.0,481
TG삼보 노트북 켄싱턴 락 케이블 도난방지 다이얼식,"4,950",4.5,28
"삼성 갤럭시북3 프로 14형 인텔 13세대 윈도우11 사무용 가벼운 고사양 노트북, 베이지, 갤럭시북3프로, 코어i7, 256GB, 16GB, WIN11 Home","1,489,000",5.0,418
"삼성전자 갤럭시북4 프로360 NT960QGK-K71AR 16인치 인텔 Ultra 7 (WIN11 SSD 1TB 32GB), WIN11 Home, 32GB, 문스톤 그레이","2,199,000",5.0,202
"HP 2024 파빌리온 에어로 13 라이젠7 라이젠 8000 시리즈, 내추럴 실버, 1TB, 16GB, WIN11 Home, 13-bg0007AU","1,399,000",5.0,1
"레노버 2024 아이디어패드 슬림 5 16IMH 코어Ultra5 인텔 14세대, Cloud Grey, 512GB, 16GB, WIN11 Home, 83DC002WKR","1,089,000",5.0,2
"삼성전자 갤럭시북4 프로 NT960XGQ-A51A 인텔 울트라5 색상선택 16인치 고해상도 AI 노트북 사무용 대학생 터치스크린 노트북, 문스톤그레이, NT960XGQ-A51AG, 코어Ultra5, 1TB, 16GB, WIN11 Home","2,048,000",5.0,346
"MSI 2023 알파 17 라이젠9 라이젠 7000 시리즈 지포스 RTX 4070, 블랙, 1TB, 32GB, Free DOS, 알파 17 C7VG-R9 QHD","2,099,000",4.5,90
"레노버 2022 씽크북 16 G4+ IAP 16 코어i7 인텔 12세대, Arctic grey, 512GB, 16GB, WIN11 Home, 21CY005HKR","1,322,760",5.0,19
"삼성전자 갤럭시북2 NT550XEZ-A58A -a 정품 윈도우 11 설치 가성비 업무용 학생용 노트북, WIN11 Pro, 32GB, 2TB, 코어i5, 그라파이트","1,089,000",5.0,8
"삼성전자 2024 갤럭시북4 프로 16 코어i7 인텔 13세대 Iris Xe, 그라파이트, NT960XFG-K71AG, 코어Ultra7, 512GB, 16GB, WIN11 Home","1,889,000",5.0,425
"Apple 2022 맥북 에어 13 M2, 스페이스그레이, M2 8코어, GPU 10코어, 512GB, 8GB, 35W 듀얼, 영문, Z15T0001G","1,541,400",5.0,5517
"삼성전자 갤럭시북4 프로 360 16인치 인텔 코어 울트라5 터치 디스플레이 WQXGA+ 태블릿 2in1 S펜 사무용 업무용 AI OLED 노트북, 갤럭시북 360, WIN11 Home, 16GB, 512GB, 문스톤 그레이","1,849,000",5.0,111
"삼성전자 2023 갤럭시북3 360 15.6 코어i5 인텔 13세대 Iris Xe, 미스틱 실버, 512GB, 16GB, WIN11 Home, NT750QFT-A51A","1,399,000",5.0,411
"[정품] ASUS C200M C200MA 전용 노트북 어댑터 아답타 충전기 19V 1.75A (33W), 2. 잭규격: 4.0x1.35","14,500",5.0,92
"에이수스 2024 TUF 게이밍 A16 라이젠9 라이젠 7000 시리즈 지포스 RTX 4060, Mecha Gray, 1TB, 32GB, Free DOS, FA607PV-QT059","1,729,990",4.5,23
"에이수스 2023 젠북 S 13 OLED 코어i5 인텔 13세대, 바솔트 그레이, 512GB, 16GB, WIN11 Home, UX5304VA-NQ206W","1,139,000",5.0,2
"레노버 아이디어패드 플렉스 5 14IRU8 코어i5 인텔 13세대, ABYSS BLUE, 512GB, 16GB, WIN10 Home, 82Y00074KR","1,049,000",5.0,8
"Apple 2022 맥북 에어 13 M2, 스타라이트, M2 8코어, GPU 10코어, 512GB, 8GB, 35W 듀얼, 한글, MLY23KH/A","1,477,400",5.0,5517
"홈플래닛 PD 45W PPS 컴팩트 초고속 충전기 + CtoC 케이블 (갤럭시 플러스 울트라 호환 아이폰 호환), 블랙","11,140",4.5,776
"레노버 2023 아이디어패드 슬림 5 16ABR8 16 라이젠5 라이젠 7000 시리즈, CLOUD GREY, 512GB, 16GB, Free DOS, 82XG002QKR","979,900",5.0,238
하이닉스 노트북용 RAM 8GB DDR5-4800MHz 새상품/벌크 당일출고/무료배송,"17,900",4.5,13
"LG전자 그램 Pro 16 코어 울트라5 인텔 Arc, 에센스 화이트, 256GB, 16GB, WIN11 Home, 16Z90SP-GA5CK","1,935,960",5.0,180
"삼성전자 2021 갤럭시북 15.6 코어i7 인텔 11세대, 미스틱 블랙, 256GB, 8GB, WIN11 HOME, NT761XDA","969,000",5.0,1169
"레노버 2022 ThinkBook 15 G4 IAP 코어i5 인텔 12세대, 미네랄 그레이, 256GB, 16GB, WIN11 Home, 21DJ00C2KR","880,010",5.0,49
"레노버 2024 요가 프로 7 14IMH9 코어Ultra7 인텔 14세대 지포스 RTX 4050, Luna Grey, 1TB, 32GB, Free DOS, 83E2002HKR","2,099,000",,0
한국미디어시스템 삼성 A13-040N2A 전용 (일체형) AD-4019A 호환 어댑터 BLACK,"8,400",4.5,82
"LG전자 그램 14 코어Ultra5, 에센스화이트, 512GB, 16GB, WIN11 Home, 14Z90S-GA56K","1,539,000",4.5,6
"삼성전자 갤럭시북4 프로 NT960XGQ-A52A 인텔 코어 울트라 5 삼성노트북 고해상도 AI 노트북 사무용 노트북 대학생 노트북, 문스톤그레이, NT960XGQ-A52AG, 코어Ultra5, 512GB, 32GB, WIN11 Home","1,949,000",5.0,346
"Apple 2022 맥북 에어 13 M2, 미드나이트, M2 8코어, GPU 10코어, 512GB, 8GB, 35W 듀얼, 한글, MLY43KH/A","1,383,390",5.0,5517
"Apple 2024 맥북 에어 13 M3, 미드나이트, M3 8코어, 10코어 GPU, 512GB, 8GB, 35W 듀얼, 한글","1,681,540",5.0,105
"레노버 2024 아이디어패드 프로 5 14AHP9 라이젠7 라이젠 8000 시리즈 지포스 RTX 3050, Arctic Grey, 512GB, 16GB, WIN11 Home, IdeaPad PRO5 14 AHP9","1,569,000",,0
"레노버 2023 아이디어패드 프로 5i 16IRH 16 코어i5 인텔 13세대 지포스 RTX 4050, Arctic Grey, 512GB, 16GB, Free DOS, 83AQ003LKR","1,499,000",5.0,15
"에이수스 2023 비보북 16X OLED 코어i7 인텔 13세대, 쿨 실버, 512GB, 16GB, Free DOS, K3604VA-L2053","899,000",3.5,3
"레노버 IdeaPad Slim1-15ALC7 + WIN11 사무용 인강용 노트북 R5-5500U, 레노버 아이디어패드 Slim1-15ALC7, WIN11 Home, 16GB, 256GB, Cloud Gray","505,000",4.5,3
"와이피 다기능 9단조절 휴대용 접이식 스탠드 받침대 각도조절 노트북 맥북 거치대 -YP9001, 블랙","26,000",5.0,140
"HP 2024 노트북 240 G10 14 코어i5 인텔 13세대, 블랙, 512GB, 16GB, Free DOS, G10-9F1E3PT","701,570",5.0,1
"Apple 2019 맥북 프로 터치바 16, 스페이스 그레이, 코어i7 9세대, 512GB, 16GB, MAC OS, MVVJ2KH/A","1,298,000",5.0,1833
"HP 노트북 충전기 19.5V 2.31A 45W 연결잭 직경 4.5X3.0mm 블루팁 (전원케이블 포함), HP 45W 노트북 충전기 + 전원케이블 포함","22,900",5.0,167
"Apple 2023 맥북 프로 14 M3, 실버, M3 Pro 11코어, 14코어 GPU, 512GB, 18GB, 한글","2,660,900",5.0,792
"LG전자 2023 그램16, 스노우 화이트, 코어i5, 512GB, 16GB, WIN11 Home, 16Z90R-GA56K","1,989,000",5.0,69
"MSI 2023 CYBORG 15 15.6 코어i5 인텔 12세대 지포스 RTX 4060, 블랙, 512GB, 8GB, Free DOS, A12VF-090XKR","1,149,000",5.0,28
"HP 엔비 x360 15.6 코어i5 인텔 12세대, Natural Silver Aluminum, 512GB, 16GB, WIN11 Home, 15-ew0049TU","1,029,000",4.5,106
"에이수스 2023 TUF 게이밍 F15 코어i5 인텔 12세대 지포스 RTX 3050, Mecha Gray, 512GB, 8GB, Free DOS, FX507ZC4-HN005","1,099,000",5.0,12
"레노버 2023 아이디어패드 슬림 3 16ABR8 16 라이젠5 라이젠 7000 시리즈, Arctic Grey, 1TB, 16GB, Free DOS, 82XR000FKR","883,150",5.0,243
"에이수스 2021 BR1100C 11.6, 다크 그레이, 셀러론, 64GB, 4GB, WIN10 Pro, BR1100CKA-GJ0270RA","328,150",4.5,3
"에이수스 2023 비보북 프로 16 코어i9 인텔 13세대 지포스 RTX 4050, 콰이어트 블루, 512GB, 16GB, Free DOS, K6602VU-N1027","1,899,000",5.0,25
"기가바이트 2024 어로스 16X 코어i7 인텔 14세대 지포스 RTX 4070, Midnight Gray, 1TB, 16GB, Free DOS, AORUS 16X ASG-53KR","2,312,910",5.0,6
"레노버 2022 ThinkBook 15 G4 IAP 코어i5 인텔 12세대, 미네랄 그레이, 256GB, 16GB, Free DOS, 21DJ00C2KR","706,250",5.0,49
"레노버 2023 요가 슬림 7 프로 X 14ARH7 라이젠5 라이젠 6000 시리즈 지포스 RTX 3050, 오닉스 그레이, 512GB, 16GB, Free DOS, 82TL006WKR","1,040,000",5.0,2
"LG전자 2023 그램 15 코어i5 인텔 13세대, 스노우 화이트, 256GB, 16GB, WIN11 Home, 15Z90R-GA56K","1,700,000",5.0,135
"삼성전자 갤럭시북4 프로 14인치 인텔 코어 울트라5 최신형 사무용 가벼운 터치 노트북, WIN11 Pro, 16GB, 512GB, 플래티넘 실버","1,639,000",5.0,124
"레노버 2023 씽크북 15 G5 IRL 15 코어i5 인텔 13세대, 미네랄 그레이, 768GB, 16GB, Free DOS, 21JD0040KR","894,400",4.5,26
"힐링쉴드 노트북 올레포빅 Light 액정보호필름, 1개","17,520",5.0,1
"레노버 2022 ThinkBook 15 G4 ABA 15.6 라이젠5 라이젠 5000 시리즈, 미네랄 그레이, 256GB, 8GB, Free DOS, 21DL0000KR","749,900",5.0,80
"레노버 2023 V14 G4 AMN 14 라이젠3 라이젠 7000 시리즈, Arctic Grey, 256GB, 8GB, Free DOS, 82YT000CKR","499,000",5.0,6
"HP 2024 자비스 AI 노트북 15 코어Ultra5 인텔 14세대, Natural Silver, 1TB, 16GB, WIN11 Home, 15-fd1029TU_T1","1,099,000",,0
"HP 2023 노트북 15 라이젠5 라이젠 7000 시리즈, Natural Silver, 512GB, 16GB, WIN11 Home, 15-fc0072AU","985,000",5.0,934
"레노버 2023 아이디어패드 프로 5i 16IRH 16 코어i5 인텔 13세대 지포스 RTX 4050, Arctic Grey, 512GB, 16GB, WIN11 Home, 83AQ003LKR","1,598,920",5.0,15
"레노버 2024 LOQ 15IRX 코어i7 인텔 14세대 지포스 RTX 4060, Luna Grey, 1024GB, 16GB, Free DOS, 83DV004CKR","1,764,900",4.5,49
"레노버 2024 LOQ 15IRX 코어i7 인텔 14세대 지포스 RTX 4060, Luna Grey, 1024GB, 32GB, Win11 Home, 83DV004CKR","2,000,810",4.5,49
"레노버 2023 아이디어패드 프로 5i 16IRH 16 코어i5 인텔 13세대 지포스 RTX 4050, Arctic Grey, 1TB, 16GB, Free DOS, 83AQ003LKR","1,664,900",5.0,15
"HP 2023 노트북 15 코어i5 인텔 13세대, Natural Silver, 512GB, 16GB, WIN11 Home, 15-fd0096tu","858,260",4.5,1009
"레노버 2024 아이디어패드 프로 5i 16IMH 코어Ultra9 지포스 RTX 4050, Arctic Grey, 1TB, 32GB, Free DOS, 83D4002GKR","1,958,990",4.5,2
"삼성전자 갤럭시북4 프로 14인치 인텔 코어 울트라5 최신형 사무용 가벼운 터치 노트북, WIN11 Home, 16GB, 512GB, 플래티넘 실버","1,549,000",5.0,124
"Apple 2022 맥북 에어 13 M2, 스페이스그레이, M2 8코어, GPU 8코어, 256GB, 8GB, 30W, 영문, Z15S00032","1,223,200",5.0,5517
"삼성전자 갤럭시북4 프로 NT960XGK-K71A 16인치 인텔 울트라7 영상편집 사무용 코딩용 대학생 고사양 120Hz 터치스크린 윈도우11 노트북, WIN11 Home, 32GB, 1TB, 문스톤 그레이","2,189,000",5.0,489
"삼성전자 갤럭시북4 프로360 NT960QGK-K71AR 16인치 인텔 Ultra 7 (WIN11 SSD 1TB 32GB), WIN11 Home, 32GB, 문스톤 그레이","2,199,000",5.0,202
"삼성전자 갤럭시북4 울트라 16인치 인텔 울트라9 지포스 RTX4070 그래픽작업 및 산업디자인 추천 노트북 게이밍 노트북 서울/경기 퀵서비스 발송, L-X92AG, WIN11 Home, 32GB, 1TB, 문스톤 그레이","3,299,000",5.0,14
"레노버 2024 아이디어패드 프로 5 16AHP9 라이젠7 라이젠 8000 시리즈 지포스 RTX 3050, Arctic Grey, 512GB, 16GB, WIN11 Home, IdeaPad PRO5 16AHP9","1,589,000",5.0,2
"레노버 2023 씽크북 14 G5 IRL 14 코어i7 인텔 13세대, 미네랄 그레이, 256GB, 16GB, Free DOS, 21JC0048KR","726,250",4.5,2
"Apple 2023 맥북 프로 14 M3, 실버, M3 8코어, 10코어 GPU, 512GB, 8GB, 한글","2,198,800",5.0,792
"HP 2024 자비스 AI 노트북 15 코어Ultra5 인텔 14세대, Natural Silver, 512GB, 16GB, WIN11 Home, 15-fd1029TU","998,990",4.5,48
"삼성전자 갤럭시북2 NT550XEZ-A58A -a 정품 윈도우 11 설치 가성비 업무용 학생용 노트북, WIN11 Pro, 32GB, 2TB, 코어i5, 그라파이트","1,089,000",5.0,8
"삼성전자 2023 삼성 갤럭시북3 360 15.6 코어i5 인텔 13세대 Iris Xe, 미스틱 실버, 512GB, 16GB, WIN11 Home, NT750QFT-A51A","1,399,000",5.0,571
"레노버 아이디어패드 Slim3-15ALC 시리즈용 파인키스킨, 1개","9,720",5.0,93
"레노버 2023 아이디어패드 슬림 3 15IAH8 코어i5 인텔 12세대, Arctic Grey, 256GB, 16GB, Win11 Home, 83ER005YKR","672,510",5.0,277
"다이아큐브 삼성 노트북 저반사 지문방지 프리미엄 블루라이트차단 필름, 1세트","21,200",4.5,147
"레노버 2023 아이디어패드 프로 5i 16IRH 16 코어i5 인텔 13세대 지포스 RTX 4050, Arctic Grey, 512GB, 16GB, WIN11 Home, 83AQ003LKR","1,598,920",5.0,15
"애니클리어 노트북 도난방지 잠금장치 PDB-L6, White","11,300",4.5,158
"LG전자 그램 Pro 16 코어 울트라5 인텔 Arc, 에센스 화이트, 256GB, 16GB, WIN11 Home, 16Z90SP-GA5CK","1,935,960",5.0,180
"레노버 2022 씽크북 16 G4+ IAP 16 코어i7 인텔 12세대, Arctic grey, 512GB, 16GB, WIN11 Home, 21CY005HKR","1,322,760",5.0,19
"삼성전자 갤럭시북2/3 15.6 재택근무 학습용 노트북 한컴오피스팩 및 국내 정품 윈도우 패키지 동봉, NT960-U, WIN11 Home, 32GB, 4000GB, 코어i9, 그라파이트","3,599,000",5.0,2244
"레노버 2024 씽크북 16IML G7 ULT5 코어Ultra5, Arctic Grey, 512GB, 32GB, Free DOS, 21MS0071KR","1,261,150",5.0,3
"삼성 갤럭시북3 프로 14형 인텔 13세대 윈도우11 사무용 가벼운 고사양 노트북, 베이지, 갤럭시북3프로, 코어i7, 256GB, 16GB, WIN11 Home","1,489,000",5.0,418
"삼성전자 갤럭시북4 프로 360 16인치 인텔 코어 울트라5 터치 디스플레이 WQXGA+ 태블릿 2in1 S펜 사무용 업무용 AI OLED 노트북, 갤럭시북 360, WIN11 Home, 16GB, 512GB, 문스톤 그레이","1,849,000",5.0,111
"레노버 2023 아이디어패드 슬림 3 16ABR8 16 라이젠5 라이젠 7000 시리즈, Arctic Grey, 1TB, 16GB, Free DOS, 82XR000FKR","883,150",5.0,243
"레노버 2023 아이디어패드 슬림 5 16ABR8 16 라이젠5 라이젠 7000 시리즈, CLOUD GREY, 512GB, 16GB, Free DOS, 82XG002QKR","979,900",5.0,238
"Apple 2022 맥북 에어 13 M2, 스페이스그레이, M2 8코어, GPU 10코어, 512GB, 8GB, 35W 듀얼, 영문, Z15T0001G","1,541,400",5.0,5517
"에이수스 2023 젠북 S 13 OLED 코어i5 인텔 13세대, 바솔트 그레이, 512GB, 16GB, WIN11 Home, UX5304VA-NQ206W","1,139,000",5.0,2
"에이수스 2024 TUF 게이밍 A16 라이젠9 라이젠 7000 시리즈 지포스 RTX 4060, Mecha Gray, 1TB, 32GB, Free DOS, FA607PV-QT059","1,729,990",4.5,23
"Apple 2022 맥북 에어 13 M2, 스타라이트, M2 8코어, GPU 10코어, 512GB, 8GB, 35W 듀얼, 한글, MLY23KH/A","1,477,400",5.0,5517
패트리어트 DDR4 32G PC4-25600 CL22 SIGNATURE 3200MHz 노트북용 파인인포,"82,500",5.0,29
"삼성전자 갤럭시북4 프로 NT960XGQ-A51A 인텔 울트라5 색상선택 16인치 고해상도 AI 노트북 사무용 대학생 터치스크린 노트북, 문스톤그레이, NT960XGQ-A51AG, 코어Ultra5, 1TB, 16GB, WIN11 Home","2,048,000",5.0,346
"LG전자 그램 14 코어Ultra5, 에센스화이트, 512GB, 16GB, WIN11 Home, 14Z90S-GA56K","1,539,000",4.5,6
"레노버 2022 ThinkBook 15 G4 IAP 코어i5 인텔 12세대, 미네랄 그레이, 256GB, 16GB, WIN11 Home, 21DJ00C2KR","880,010",5.0,49
"에이수스 2023 비보북 16X OLED 코어i7 인텔 13세대, 쿨 실버, 512GB, 16GB, Free DOS, K3604VA-L2053","899,000",3.5,3
"레노버 아이디어패드 플렉스 5 14IRU8 코어i5 인텔 13세대, ABYSS BLUE, 512GB, 16GB, WIN10 Home, 82Y00074KR","1,049,000",5.0,8
TeamGroup T-CREATE 노트북 DDR5-5600 CL46-45-45 CLASSIC 서린 (16GB),"71,500",5.0,10
"스코코 LG그램 2020 15ZD90N 무광 전신 외부보호필름 4종 세트, 1세트","14,800",5.0,29
"레노버 IdeaPad Slim1-15ALC7 + WIN11 사무용 인강용 노트북 R5-5500U, 레노버 아이디어패드 Slim1-15ALC7, WIN11 Home, 16GB, 256GB, Cloud Gray","505,000",4.5,3
"레노버 2023 아이디어패드 프로 5i 16IRH 16 코어i5 인텔 13세대 지포스 RTX 4050, Arctic Grey, 512GB, 16GB, Free DOS, 83AQ003LKR","1,499,000",5.0,15
"레노버 2024 LOQ 15IRX 코어i7 인텔 14세대 지포스 RTX 4060, Luna Grey, 1024GB, 32GB, Win11 Home, 83DV004CKR","2,000,810",4.5,49
"레노버 2024 LOQ 15IRX 코어i7 인텔 14세대 지포스 RTX 4060, Luna Grey, 1024GB, 16GB, Free DOS, 83DV004CKR","1,764,900",4.5,49
"레노버 2022 ThinkBook 15 G4 IAP 코어i5 인텔 12세대, 미네랄 그레이, 256GB, 16GB, Free DOS, 21DJ00C2KR","706,250",5.0,49
"SK하이닉스 NVMe SSD, HFS1T0GEJ9X1462, 1024GB","166,590",5.0,1012
"LG전자 2023 그램 15 코어i5 인텔 13세대, 스노우 화이트, 256GB, 16GB, WIN11 Home, 15Z90R-GA56K","1,700,000",5.0,135
삼성정품 노트북 PENS 어댑터 충전기 PD-65AWN3KR A65PD_TPN 65W,"67,000",5.0,321
"Apple 2022 맥북 에어 13 M2, 미드나이트, M2 8코어, GPU 10코어, 512GB, 8GB, 35W 듀얼, 한글, MLY43KH/A","1,383,390",5.0,5517
"레노버 2024 요가 프로 7 14IMH9 코어Ultra7 인텔 14세대 지포스 RTX 4050, Luna Grey, 1TB, 32GB, Free DOS, 83E2002HKR","2,099,000",,0
"갤럭시북 이온 2 NT950XDA NT950XDZ 시리즈용 클린 키스킨 A타입, 반투명, 1개","6,000",5.0,39
"레노버 2024 아이디어패드 프로 5 14AHP9 라이젠7 라이젠 8000 시리즈 지포스 RTX 3050, Arctic Grey, 512GB, 16GB, WIN11 Home, IdeaPad PRO5 14 AHP9","1,569,000",,0
"LG그램 투명키스킨 17인치용 17Z(D)90R 17Z90RU 17Z(D)90Q 17Z(D)95P 17Z(D)90P, 1개","8,000",4.5,67
"HP 2024 노트북 240 G10 14 코어i5 인텔 13세대, 블랙, 512GB, 16GB, Free DOS, G10-9F1E3PT","701,570",5.0,1
"HP 엔비 x360 15.6 코어i5 인텔 12세대, Natural Silver Aluminum, 512GB, 16GB, WIN11 Home, 15-ew0049TU","1,029,000",4.5,106
"삼성전자 갤럭시북4 프로 NT960XGQ-A52A 인텔 코어 울트라 5 삼성노트북 고해상도 AI 노트북 사무용 노트북 대학생 노트북, 문스톤그레이, NT960XGQ-A52AG, 코어Ultra5, 512GB, 32GB, WIN11 Home","1,949,000",5.0,346
"Apple 2019 맥북 프로 터치바 16, 스페이스 그레이, 코어i7 9세대, 512GB, 16GB, MAC OS, MVVJ2KH/A","1,298,000",5.0,1833
"레노버 2023 아이디어패드 프로 5i 16IRH 16 코어i5 인텔 13세대 지포스 RTX 4050, Arctic Grey, 1TB, 16GB, Free DOS, 83AQ003LKR","1,664,900",5.0,15
"LG전자 2023 그램16, 스노우 화이트, 코어i5, 512GB, 16GB, WIN11 Home, 16Z90R-GA56K","1,989,000",5.0,69
"레노버 2022 V15 G3 ABA 15.6 라이젠5 라이젠 5000 시리즈, Iron Gray, 256GB, 4GB, Free DOS, 82TV0001KR","546,190",5.0,857
"레노버 2023 요가 슬림 7 프로 X 14ARH7 라이젠5 라이젠 6000 시리즈 지포스 RTX 3050, 오닉스 그레이, 512GB, 16GB, Free DOS, 82TL006WKR","1,040,000",5.0,2
"레노버 2023 V14 G4 AMN 14 라이젠3 라이젠 7000 시리즈, Arctic Grey, 256GB, 8GB, Free DOS, 82YT000CKR","499,000",5.0,6
"Apple 2023 맥북 프로 14 M3, 실버, M3 Pro 11코어, 14코어 GPU, 512GB, 18GB, 한글","2,660,900",5.0,792
"MSI 2023 CYBORG 15 15.6 코어i5 인텔 12세대 지포스 RTX 4060, 블랙, 512GB, 8GB, Free DOS, A12VF-090XKR","1,149,000",5.0,28
"에이수스 2021 BR1100C 11.6, 다크 그레이, 셀러론, 64GB, 4GB, WIN10 Pro, BR1100CKA-GJ0270RA","328,150",4.5,3
"에이수스 2023 비보북 프로 16 코어i9 인텔 13세대 지포스 RTX 4050, 콰이어트 블루, 512GB, 16GB, Free DOS, K6602VU-N1027","1,899,000",5.0,25
"에이수스 2023 TUF 게이밍 F15 코어i5 인텔 12세대 지포스 RTX 3050, Mecha Gray, 512GB, 8GB, Free DOS, FX507ZC4-HN005","1,099,000",5.0,12
"레노버 2023 씽크북 15 G5 IRL 15 코어i5 인텔 13세대, 미네랄 그레이, 768GB, 16GB, Free DOS, 21JD0040KR","894,400",4.5,26
"기가바이트 2024 어로스 16X 코어i7 인텔 14세대 지포스 RTX 4070, Midnight Gray, 1TB, 16GB, Free DOS, AORUS 16X ASG-53KR","2,312,910",5.0,6
"태클라스트 T40 PRO PD 고속충전 고성능 옥타코어 LTE 태블릿PC, 그레이, 128GB, Wi-Fi+Cellular","219,000",4.5,252
"레노버 2022 ThinkBook 15 G4 ABA 15.6 라이젠5 라이젠 5000 시리즈, 미네랄 그레이, 256GB, 8GB, Free DOS, 21DL0000KR","749,900",5.0,80
"레노버 2023 씽크패드 E16 AMD Gen1 라이젠7 라이젠 7000 시리즈, Graphite Black, 256GB, 8GB, Free DOS, 21JT0002KD","829,000",5.0,7
"카멜 40.6cm QHD 프리즘 포터블 모니터, CPM1610IQ","219,000",5.0,381
"삼성전자 갤럭시북4 프로 14인치 인텔 코어 울트라5 최신형 사무용 가벼운 터치 노트북, WIN11 Pro, 16GB, 512GB, 플래티넘 실버","1,639,000",5.0,124
"레노버 리전 프로 5i 16IRX 16 코어i9 인텔 13세대 지포스 RTX 4060, ONYX GREY, 1TB, 16GB, Free DOS, 82WK007TKR","1,999,000",5.0,64
"LG전자 2024 그램 프로 360 16 코어Ultr5, 옵시디안블랙, 512GB, 16GB, WIN11 Home, 16T90SP-KA5BK","2,190,000",5.0,2
"레노버 2024 아이디어패드 슬림 5 14IMH 코어Ultra5 인텔 14세대, Cloud grey, 512GB, 16GB, WIN11 Home, 83DA002EKR","1,079,000",5.0,4
"카라스 삼성 노트북 플러스2 키스킨 NT550XDA / NT550XDZ 노트북 실리스킨, 1개","6,330",5.0,160
"HP 2024 엔비 x360 16 코어Ultra5, Glacier Silver, 512GB, 16GB, WIN11 Home, 16-ac0023TU","1,491,820",5.0,1
"LG전자 2023 그램 스타일 16, 512GB, 오로라 화이트, 16Z90RS-GA56K, 코어i5, WIN11 Home, 16GB","2,049,000",4.5,32
"HP 2023 노트북 15s 코어i5 인텔 12세대, 화이트, 512GB, 16GB, Free DOS, 15s-fq5304TU","731,780",,0
"LG울트라PC 노트북 전용 파우치, BROWN + BEIGE","14,900",4.5,136
"Apple 2024 맥북 에어 15 M3, 미드나이트, M3 8코어, 10코어 GPU, 256GB, 8GB, 35W 듀얼, 한글","1,682,100",5.0,126
"HP 2024 자비스 AI 노트북 15 코어Ultra5 인텔 14세대, Natural Silver, 512GB, 16GB, WIN11 Home, 15-fd1029TU","998,990",4.5,48
"Apple 2022 맥북 에어 13 M2, 스페이스그레이, M2 8코어, GPU 10코어, 512GB, 8GB, 35W 듀얼, 한글, MLXX3KH/A","1,493,200",5.0,5517
"삼성전자 갤럭시북4 프로 NT960XGK-K71A 16인치 인텔 울트라7 영상편집 사무용 코딩용 대학생 고사양 120Hz 터치스크린 윈도우11 노트북, WIN11 Home, 32GB, 1TB, 문스톤 그레이","2,189,000",5.0,489
"큐데스크 메탈 노트북 거치대, 블랙","26,000",5.0,5
"삼성전자 갤럭시북4 프로 14인치 인텔 코어 울트라5 최신형 사무용 가벼운 터치 노트북, WIN11 Home, 16GB, 512GB, 플래티넘 실버","1,549,000",5.0,124
"HP 2023 오멘 16 라이젠7 라이젠 7000 시리즈 지포스 RTX 4060, 쉐도우 블랙, 1536GB, 32GB, WIN11 Home, 16-xf0038AX","2,091,040",5.0,481
"베이직스 2022 베이직북 14 3세대 셀러론, White, 256GB, 8GB, WIN11 Pro, BB1422SS","382,080",4.5,2071
"레노버 2024 LOQ 15IRX 코어i7 인텔 13세대 지포스 RTX 4050, Luna Grey, 512GB, 16GB, Free DOS, 83DV0035KR","1,499,000",5.0,1
"LG전자 2023 그램16 코어i5 인텔 13세대, 스노우 화이트, 512GB, 16GB, WIN11 Home, 16Z90R-GA5SK","1,999,000",5.0,1061
"LG 노트북 그램360 16T90P 16TD90P 호환 USB C타입 20V 3.25A 65W 일체형 PD 전원 어댑터 충전기, 화이트","23,470",5.0,24
"삼성전자 갤럭시북4 프로 NT960XGQ-A51A 인텔 울트라5 색상선택 16인치 고해상도 AI 노트북 사무용 대학생 터치스크린 노트북, 문스톤그레이, NT960XGQ-A51AG, 코어Ultra5, 512GB, 16GB, WIN11 Home","1,599,000",5.0,346
"레노버 2024 아이디어패드 프로 5 16AHP9 라이젠7 라이젠 8000 시리즈 지포스 RTX 3050, Arctic Grey, 1TB, 16GB, WIN11 Home, IdeaPad PRO5 16AHP9","1,654,900",5.0,2
"에이수스 2024 TUF 게이밍 A15 라이젠7 라이젠 7000 시리즈 지포스 RT 4050, Mecha Gray, 512GB, 16GB, Free DOS, FA507NUR-LP164","1,199,000",4.0,3
"HP 노트북 엔비 파빌리온 스펙터 시리즈 호환 충전기 19.5V 2.3A 45W (4.5X3.5mm) 블루팁 전원 어댑터 아답터, NK4519B","13,480",5.0,230
"LG그램 16인치 17인치 11세대 인텔 i7 Win11 360도 터치스크린 터치펜포함 RAM 16GB NVMe 512GB 16:10 블랙 16T90P-K.AAE7U1, 그레이, 16인치터치, 1TB, 32GB, WIN11 Home","1,699,000",5.0,162
"에이수스 TUF 게이밍 A16 Advantage Edition 라이젠9 라이젠 7000 시리즈 라데온 RX 7600S, Sandstorm, 512GB, 16GB, Free DOS, FA617XS-N4003","1,647,920",5.0,36
"HP 2024 오멘 16 슬림 코어i7 인텔 14세대 지포스 RTX 4050, 세라믹 화이트, 512GB, 32GB, WIN11 Home, 16-u1028TX","1,950,630",5.0,1
"에이서 2024 프레데터 헬리오스 네오 16 코어i9 인텔 14세대 지포스 RTX 4060, 블랙, 512GB, 32GB, Free DOS, PHN16-72-9529","1,699,710",5.0,2
"LG전자 그램 프로 17 코어Ultra7, 17Z90SP-ED79K, WIN11 Home, 32GB, 256GB, 에센스화이트","2,699,000",5.0,3
"샌디스크코리아 공식인증정품 마이크로 SD 카드 SDXC ULTRA 울트라 QUAC 512GB, 512기가","45,750",5.0,136
"LG그램15 코어i5(10세대/ 램 16G/ SSD 256G/ 윈도우11프로 초경량 1.09kg, 15ZB995, 코어i5, 256GB, 16GB, WIN10","759,000",5.0,21
"레노버 2022 씽크북 16 G4+ IAP 16 코어i7 인텔 12세대, Arctic grey, 1TB, 16GB, WIN11 Home, 21CY005HKR","1,388,660",5.0,19
"삼성전자 2023 삼성 갤럭시북3 360 15.6 코어i5 인텔 13세대 Iris Xe, 미스틱 실버, 512GB, 16GB, WIN11 Home, NT750QFT-A51A","1,399,000",5.0,571
"삼성전자 갤럭시북4 프로 360 16인치 인텔 코어 울트라5 터치 디스플레이 WQXGA+ 태블릿 2in1 S펜 사무용 업무용 AI OLED 노트북, 갤럭시북 360, WIN11 Home, 16GB, 512GB, 문스톤 그레이","1,849,000",5.0,111
"레노버 2022 씽크패드 E15 Gen4 15.6 코어i7 인텔 12세대, Black, 256GB, 8GB, Free DOS, 21E600E9KD?","1,049,000",5.0,1
"레노버 2021 GAMING 3i 15IHU 코어i7 인텔 11세대 지포스 RTX 3050, Shadow Black, 1280GB, 16GB, WIN11 Home, 82K1006VKR","1,314,950",4.5,85
"HP 2024 파빌리온 에어로 13 라이젠5 라이젠 8000 시리즈, 내추럴 실버, 512GB, 16GB, WIN11 Home, 13-bg0008AU","1,299,000",,0
"LG전자 그램 Pro 17 코어 울트라5 인텔 Arc, 에센스 화이트, 256GB, 16GB, WIN11 Home, 17Z90SP-GA5CK","1,999,920",4.5,45
"Apple 2023 맥북 프로 14 M3, 스페이스 그레이, M3 8코어, 10코어 GPU, 512GB, 16GB, 한글","2,325,180",5.0,792
"HP 2024 빅터스 15 라이젠7 라이젠 8000 시리즈 지포스 RTX 4060, Mica Silver, 512GB, 16GB, Free DOS, 15-fb2031AX","1,519,000",5.0,5
"HP 2024 노트북 14 코어i5 인텔 13세대, Natural Silver, 512GB, 8GB, Free DOS, 14-ep0165TU","640,100",5.0,1
"레노버 2023 씽크북 14 G6 ABP 라이젠5 라이젠 7000 시리즈, 256GB, 8GB, Free DOS, 21KJ0032KR","899,000",4.5,8
"LG전자 2021 울트라 PC 14 셀러론, 화이트, 128GB, 4GB, WIN11 Home, 14U30P-LE12K","799,800",4.5,486
"HP 2023 노트북 15 라이젠5 라이젠 7000 시리즈, Jet Black, 512GB, 8GB, Free DOS, 15-fc0079AU","695,420",5.0,934
"HP 2023 Z북 파이어플라이 G10 16 코어i7 인텔 13세대 RTX A500, 실버, 512GB, 32GB, Free DOS, G10-740J1AV","1,661,150",5.0,1
"HP 2023 노트북 17 코어i5 인텔 13세대, Natural Silver, 256GB, 8GB, Free DOS, 17-cn3017TU","714,720",5.0,5
"ACER 니트로 V 16 ANV16-41-R584, WIN11 Home, 32GB, 2TB, 블랙","1,329,000",5.0,2
"삼성전자 갤럭시북4 프로 NT940XGK-K71AR 14인치(35 6cm) 인텔 Ultra 7 터치스크린 서울/경기 퀵서비스 지원, WIN11 Pro, 32GB, 2TB, 문스톤 그레이","2,309,000",5.0,10
"LG전자 2023 그램 16 코어i5 인텔 13세대, 스노우 화이트, 256GB, 16GB, WIN11 Home, 16Z90R-GA5JK","1,765,000",5.0,1061
"에이수스 2023 ROG 스트릭스 G16 지포스 RTX 4070, Eclipse Gray, 512GB, 32GB, Free DOS, G614JI-N4027","2,306,540",4.5,80
"에이수스 2021 크롬북 플립 C214 11.6 셀러론 인텔 8세대, 다크그레이, 64GB, 4GB, Chrome OS, C214MA-ZD460W","399,000",,0
"레노버 2022 ThinkPad E15 G4 15.6 라이젠5 라이젠 5000 시리즈, Black, 256GB, 16GB, WIN11 Home, 21ED004EKD","900,010",5.0,462
"홈플래닛 접이식 휴대용 알루미늄 노트북 거치대 (휴대용 파우치 포함), 매트 블랙","9,890",4.5,9504
"에이수스 2024 비보북 S 15 라이젠5 라이젠 7000 시리즈, 뉴트럴 블랙, 1TB, 16GB, Free DOS, M5506NA-MA036_1T","1,078,000",5.0,7
"레노버 2023 씽크북 14s Yoga G3 IRU 14, 미네랄 그레이, 코어i7, 512GB, 16GB, WIN11 Home, 21JG000SKR","1,479,080",,0
"마이크로소프트 2022 서피스 랩탑5 노트북 15 코어i7 인텔 12세대, 블랙, 512GB, 16GB, WIN11 Home, RIP-00046","1,306,690",4.5,89
"HP 2024 오멘 16 슬림 코어i9 인텔 14세대 지포스 RTX 4070, 세라믹 화이트, 1TB, 32GB, WIN11 Home, 16-u1031TX","2,929,610",5.0,7
"레노버 2022 ThinkBook 15 G4 IAP 코어i5 인텔 12세대, 미네랄 그레이, 256GB, 8GB, WIN11 Home, 21DJ00C2KR","852,760",5.0,49
"HP 2024 노트북 17 코어i5 인텔 13세대, Natural Silver, 256GB, 8GB, Free DOS, 17-cn3036TU","767,920",5.0,2
"레노버 2022 씽크패드 E15 Gen4 15.6 코어i7 인텔 12세대, Black, 256GB, 16GB, Free DOS, 21E600E9KD?","1,076,250",5.0,1
"Apple 2024 맥북 에어 13 M3, 스타라이트, M3 8코어, 8코어 GPU, 256GB, 8GB, 30W, 한글","1,439,400",5.0,105
"레노버 리전 프로 5i 16IRX 16 코어i9 인텔 13세대 지포스 RTX 4060, ONYX GREY, 1536GB, 16GB, Free DOS, 82WK007TKR","2,147,150",5.0,64
"카라스인터내셔널 삼성 NT551EBE용 클린 키스킨, 1개","6,090",5.0,22
"HP 빅터스 15-fb2061AX - 최신형 고사양 게이밍 노트북 [리뷰작성 시 마우스 증정], WIN11 Home, 16GB, 1TB, 다크실버","1,449,000",5.0,3
HP 2023 노트북 15s 코어i5 인텔 12세대 화이트 1TB 32GB Free DOS 15S-FQ5304TU_T3,"779,000",5.0,1
"Apple 2024 맥북 에어 15 M3, 실버, M3 8코어, 10코어 GPU, 512GB, 16GB, 35W 듀얼, 한글","2,208,400",5.0,126
"레노버 2023 아이디어패드 슬림 5 라이트 14ABR8 14 라이젠7 라이젠 7000 시리즈, CLOUD GREY, 512GB, 16GB, Free DOS, 82XS001AKR","929,000",5.0,79
"HP 2023 노트북 15s 코어i3 인텔 12세대, BLACK, 256GB, 8GB, WIN11 Home, 15s-fq5300TU","799,800",5.0,8
"레노버 2023 V14 G4 IRU 코어i3 인텔 13세대, Iron Gray, 256GB, 16GB, Win11 HOME, 83A00006KR","1,199,000",4.5,8
"HP 2023 오멘 16 코어i5 인텔 13세대 지포스 RTX 4060, Shadow Black, 1536GB, 32GB, WIN11 Home, 16-wf0156tx","2,119,000",4.5,334
"HP 2024 빅터스 15 라이젠5 라이젠 7000 시리즈 지포스 RTX 2050, Mica Silver, 512GB, 8GB, Free DOS, 15-fb1035AX","1,078,500",5.0,22
"MSI 2023 알파 17 라이젠9 라이젠 7000 시리즈 지포스 RTX 4070, 블랙, 1TB, 16GB, Win11 HOME, 알파 17 C7VG-R9 QHD","2,099,000",4.5,90
"에이수스 2024 젠북 듀오 14 코어Ultra7 인텔 14세대, 잉크웰 그레이, 1TB, 16GB, WIN11 Home, UX8406MA-QL149W","2,499,000",5.0,1
"[당일출고] MSI Pulse 17 B13VGK-i9 QHD, Pulse 17 B13VGK, WIN11 Home, 32GB, 2TB, Grey","2,249,000",5.0,1
한국미디어시스템 삼성전자 AD-4519AKR 정품 어댑터 W16-045N4D W045R063L,"35,830",4.5,240
"레노버 2023 아이디어패드 슬림 3 16ABR8 16 라이젠5 라이젠 7000 시리즈, Arctic Grey, 512GB, 16GB, Free DOS, ideaPad Slim 3-16ABR8","998,020",5.0,243
"레노버 2022 ThinkPad E15 G4 15.6 라이젠5 라이젠 5000 시리즈, Black, 256GB, 8GB, WIN11 Home, 21ED004EKD","784,000",5.0,462
"레노버 2022 아이디어패드 슬림 1 15AMN7 15.6 라이젠5 라이젠 7000 시리즈, Cloud Grey (82VG), 512GB, 8GB, Free DOS, 82VG002FKR","658,460",4.5,521
"Apple 2022 맥북 에어 13 M2, 스페이스그레이, M2 8코어, GPU 10코어, 512GB, 16GB, 35W 듀얼, 한글, Z15T0001K","1,863,600",5.0,5517
"에이수스 2023 젠북 14X OLED 코어i5 인텔 13세대, 샌드스톤 베이지, 512GB, 16GB, Free DOS, UX3404VA-M9093","976,980",5.0,3
"MSI 2024 프레스티지 16 코어Ultra9 인텔 14세대 지포스 RTX 4070, 스텔라그레이, 1TB, 32GB, WIN11 Pro, MS-15A","3,098,970",5.0,1
"HP 2024 노트북 14 코어i5 인텔 13세대, Natural Silver, 512GB, 8GB, WIN11 Home, 14-ep0185TU","806,550",4.0,3
"레노버 노트북 충전기 20V 2.25A 45W 연결잭 사각 USB 타입 슬림팁, ADLX45DLC3A","21,900",4.5,50
"삼성전자 갤럭시북4 울트라 NT960XGL-X72A 인텔 코어 Ultra 7 16인치 RTX4050 크리에이터 전문가 노트북 고사양 AI 노트북, X72A, WIN11 Home, 32GB, 1TB, 문스톤그레이","2,699,000",5.0,3
"레노버 2022 아이디어패드 플렉스 5 16IAU7 16 코어i7 인텔 12세대, STORM GREY, 512GB, 16GB, WIN11 Home, 82R8004RKR","1,332,760",5.0,18
"레노버 2024 씽크북 16IML G7 ULT7 코어Ultra7, Arctic Grey, 512GB, 16GB, Free DOS, 21MS006TKR","1,267,360",5.0,2
"맥북 에어 / 프로 파우치, 그레이","7,930",5.0,1894
"기가바이트 2024 G6X 16 코어i7 인텔 13세대 지포스 RTX 4060, Gunmetal Gray, 1TB, 16GB, WIN11 Home, G6X 9KG-43KRH","1,749,000",,0
"Apple 2023 맥북 프로 14 M3, 스페이스 블랙, M3 Pro 11코어, 14코어 GPU, 1TB, 36GB, 한글","3,334,600",5.0,792
"에이수스 2023 TUF 게이밍 F15, Mecha Gray, 768GB, 16GB, Free DOS, FX507ZC4-HN005","935,370",5.0,12
"ipTIME 노트북용 유선랜카드 U1G, 1","15,400",5.0,1886
